id,firstname,lastname,email,email2,profession,birth_date
100,Marnia,Randene,Marnia.Randene@yopmail.com,Marnia.Randene@gmail.com,doctor,1948-08-04
101,Doro,Hunfredo,Doro.Hunfredo@yopmail.com,Doro.Hunfredo@gmail.com,firefighter,1963-11-14
102,Karlee,Persse,Karlee.Persse@yopmail.com,Karlee.Persse@gmail.com,worker,1924-10-16
103,Inga,Malanie,Inga.Malanie@yopmail.com,Inga.Malanie@gmail.com,developer,1994-05-17
104,Randa,Shields,Randa.Shields@yopmail.com,Randa.Shields@gmail.com,doctor,1939-07-19
105,Tera,Santoro,Tera.Santoro@yopmail.com,Tera.Santoro@gmail.com,worker,2005-08-13
106,Jsandye,Tamsky,Jsandye.Tamsky@yopmail.com,Jsandye.Tamsky@gmail.com,police officer,1984-04-27
107,June,Gahl,June.Gahl@yopmail.com,June.Gahl@gmail.com,police officer,1915-08-13
108,Elyssa,Hewitt,Elyssa.Hewitt@yopmail.com,Elyssa.Hewitt@gmail.com,doctor,2005-12-02
109,Nannie,Chabot,Nannie.Chabot@yopmail.com,Nannie.Chabot@gmail.com,worker,2002-08-03
110,Marinna,Ioab,Marinna.Ioab@yopmail.com,Marinna.Ioab@gmail.com,worker,1960-11-27
111,Basia,Teddman,Basia.Teddman@yopmail.com,Basia.Teddman@gmail.com,worker,2005-02-16
112,Marinna,Saunderson,Marinna.Saunderson@yopmail.com,Marinna.Saunderson@gmail.com,doctor,1911-04-16
113,Rochette,Markman,Rochette.Markman@yopmail.com,Rochette.Markman@gmail.com,doctor,1990-01-13
114,Isa,Johanna,Isa.Johanna@yopmail.com,Isa.Johanna@gmail.com,developer,1978-12-21
115,Phedra,Mayeda,Phedra.Mayeda@yopmail.com,Phedra.Mayeda@gmail.com,police officer,1970-12-27
116,Netty,August,Netty.August@yopmail.com,Netty.August@gmail.com,developer,1987-02-26
117,Dulce,Torray,Dulce.Torray@yopmail.com,Dulce.Torray@gmail.com,police officer,1929-11-28
118,Robbi,Loring,Robbi.Loring@yopmail.com,Robbi.Loring@gmail.com,doctor,1959-07-01
119,Trudie,Dyche,Trudie.Dyche@yopmail.com,Trudie.Dyche@gmail.com,worker,1999-03-14
120,Lilith,Mullane,Lilith.Mullane@yopmail.com,Lilith.Mullane@gmail.com,developer,1922-05-12
121,Maridel,Lesley,Maridel.Lesley@yopmail.com,Maridel.Lesley@gmail.com,police officer,1938-10-18
122,Robinia,Blase,Robinia.Blase@yopmail.com,Robinia.Blase@gmail.com,doctor,2016-03-26
123,Marleah,Swigart,Marleah.Swigart@yopmail.com,Marleah.Swigart@gmail.com,firefighter,2014-01-12
124,Shel,Erich,Shel.Erich@yopmail.com,Shel.Erich@gmail.com,doctor,2007-10-21
125,Sandie,Eachern,Sandie.Eachern@yopmail.com,Sandie.Eachern@gmail.com,police officer,2009-03-08
126,Rosabelle,Corabella,Rosabelle.Corabella@yopmail.com,Rosabelle.Corabella@gmail.com,police officer,2007-09-11
127,Adelle,Romelda,Adelle.Romelda@yopmail.com,Adelle.Romelda@gmail.com,developer,2001-02-22
128,Vanessa,Hillel,Vanessa.Hillel@yopmail.com,Vanessa.Hillel@gmail.com,worker,2016-01-29
129,Agathe,Durware,Agathe.Durware@yopmail.com,Agathe.Durware@gmail.com,worker,1940-07-31
130,Trudie,An,Trudie.An@yopmail.com,Trudie.An@gmail.com,worker,1950-01-26
131,Christian,Aida,Christian.Aida@yopmail.com,Christian.Aida@gmail.com,firefighter,1982-11-11
132,Konstance,Bronk,Konstance.Bronk@yopmail.com,Konstance.Bronk@gmail.com,doctor,1945-01-17
133,Meghann,Demitria,Meghann.Demitria@yopmail.com,Meghann.Demitria@gmail.com,developer,1966-10-10
134,Joeann,Thilda,Joeann.Thilda@yopmail.com,Joeann.Thilda@gmail.com,doctor,1940-08-22
135,Clary,Pillsbury,Clary.Pillsbury@yopmail.com,Clary.Pillsbury@gmail.com,worker,1937-05-14
136,Willetta,Leary,Willetta.Leary@yopmail.com,Willetta.Leary@gmail.com,worker,1967-03-31
137,Natka,Giule,Natka.Giule@yopmail.com,Natka.Giule@gmail.com,developer,1988-04-13
138,Nonnah,Wind,Nonnah.Wind@yopmail.com,Nonnah.Wind@gmail.com,doctor,1940-09-08
139,Adele,Keelia,Adele.Keelia@yopmail.com,Adele.Keelia@gmail.com,doctor,2009-07-29
140,Barbara,Cath,Barbara.Cath@yopmail.com,Barbara.Cath@gmail.com,doctor,2008-07-13
141,Susan,Karylin,Susan.Karylin@yopmail.com,Susan.Karylin@gmail.com,police officer,1947-05-13
142,Vere,Cookie,Vere.Cookie@yopmail.com,Vere.Cookie@gmail.com,worker,1921-09-12
143,Belva,Corrine,Belva.Corrine@yopmail.com,Belva.Corrine@gmail.com,worker,2007-02-14
144,Thalia,Poll,Thalia.Poll@yopmail.com,Thalia.Poll@gmail.com,doctor,1924-05-16
145,Alex,Lareena,Alex.Lareena@yopmail.com,Alex.Lareena@gmail.com,police officer,1954-07-21
146,Max,Fennessy,Max.Fennessy@yopmail.com,Max.Fennessy@gmail.com,developer,1959-09-15
147,Rubie,Standing,Rubie.Standing@yopmail.com,Rubie.Standing@gmail.com,firefighter,1928-07-19
148,Elise,Laurianne,Elise.Laurianne@yopmail.com,Elise.Laurianne@gmail.com,police officer,1913-08-29
149,Corry,Belanger,Corry.Belanger@yopmail.com,Corry.Belanger@gmail.com,police officer,1901-02-15
150,Di,Boycey,Di.Boycey@yopmail.com,Di.Boycey@gmail.com,developer,2008-12-26
151,Ida,Ricarda,Ida.Ricarda@yopmail.com,Ida.Ricarda@gmail.com,developer,1989-05-11
152,Celene,Malanie,Celene.Malanie@yopmail.com,Celene.Malanie@gmail.com,worker,1918-01-29
153,Fayre,Brandice,Fayre.Brandice@yopmail.com,Fayre.Brandice@gmail.com,doctor,1903-06-18
154,Carolina,Syd,Carolina.Syd@yopmail.com,Carolina.Syd@gmail.com,firefighter,1975-09-01
155,Agathe,Huggins,Agathe.Huggins@yopmail.com,Agathe.Huggins@gmail.com,doctor,1943-08-14
156,Karina,Sinegold,Karina.Sinegold@yopmail.com,Karina.Sinegold@gmail.com,doctor,1989-12-14
157,Sindee,Ashely,Sindee.Ashely@yopmail.com,Sindee.Ashely@gmail.com,worker,1996-05-21
158,Gwenneth,Vacuva,Gwenneth.Vacuva@yopmail.com,Gwenneth.Vacuva@gmail.com,firefighter,1945-07-13
159,Dania,Cimbura,Dania.Cimbura@yopmail.com,Dania.Cimbura@gmail.com,firefighter,1938-03-21
160,Tori,Shirberg,Tori.Shirberg@yopmail.com,Tori.Shirberg@gmail.com,worker,1941-01-06
161,Michaelina,Tengdin,Michaelina.Tengdin@yopmail.com,Michaelina.Tengdin@gmail.com,worker,1967-07-07
162,Damaris,Loring,Damaris.Loring@yopmail.com,Damaris.Loring@gmail.com,worker,1977-01-04
163,Antonietta,Paine,Antonietta.Paine@yopmail.com,Antonietta.Paine@gmail.com,police officer,1916-10-04
164,Sharai,Donoghue,Sharai.Donoghue@yopmail.com,Sharai.Donoghue@gmail.com,police officer,1915-05-06
165,Phylis,Romelda,Phylis.Romelda@yopmail.com,Phylis.Romelda@gmail.com,police officer,1965-06-20
166,Sashenka,Salvidor,Sashenka.Salvidor@yopmail.com,Sashenka.Salvidor@gmail.com,developer,1981-01-19
167,Larine,Karl,Larine.Karl@yopmail.com,Larine.Karl@gmail.com,worker,1935-05-01
168,Lanna,Fitzsimmons,Lanna.Fitzsimmons@yopmail.com,Lanna.Fitzsimmons@gmail.com,firefighter,1964-04-13
169,Tami,Lissi,Tami.Lissi@yopmail.com,Tami.Lissi@gmail.com,worker,1984-10-05
170,Susan,Adamsen,Susan.Adamsen@yopmail.com,Susan.Adamsen@gmail.com,developer,1916-01-08
171,Cassondra,Adore,Cassondra.Adore@yopmail.com,Cassondra.Adore@gmail.com,developer,1914-10-03
172,Aigneis,Christal,Aigneis.Christal@yopmail.com,Aigneis.Christal@gmail.com,police officer,1904-03-10
173,Lisette,Jerold,Lisette.Jerold@yopmail.com,Lisette.Jerold@gmail.com,developer,2012-03-20
174,Pamella,LaRue,Pamella.LaRue@yopmail.com,Pamella.LaRue@gmail.com,doctor,1966-04-02
175,Farrah,Reinke,Farrah.Reinke@yopmail.com,Farrah.Reinke@gmail.com,firefighter,1921-07-30
176,Steffane,Frendel,Steffane.Frendel@yopmail.com,Steffane.Frendel@gmail.com,doctor,1991-01-20
177,Belva,Gilbertson,Belva.Gilbertson@yopmail.com,Belva.Gilbertson@gmail.com,developer,2012-06-12
178,Talya,Yoko,Talya.Yoko@yopmail.com,Talya.Yoko@gmail.com,developer,1963-07-17
179,Aili,Hamil,Aili.Hamil@yopmail.com,Aili.Hamil@gmail.com,worker,1957-01-22
180,Anallese,Aaberg,Anallese.Aaberg@yopmail.com,Anallese.Aaberg@gmail.com,worker,1901-07-24
181,Sandie,Howlyn,Sandie.Howlyn@yopmail.com,Sandie.Howlyn@gmail.com,police officer,1952-10-12
182,Zsa Zsa,Clarissa,Zsa Zsa.Clarissa@yopmail.com,Zsa Zsa.Clarissa@gmail.com,worker,2001-05-29
183,Aurore,Richers,Aurore.Richers@yopmail.com,Aurore.Richers@gmail.com,developer,2011-02-10
184,Meg,Marijo,Meg.Marijo@yopmail.com,Meg.Marijo@gmail.com,developer,1912-09-03
185,Jacenta,Tiffa,Jacenta.Tiffa@yopmail.com,Jacenta.Tiffa@gmail.com,police officer,1963-10-19
186,Mariele,Loleta,Mariele.Loleta@yopmail.com,Mariele.Loleta@gmail.com,worker,1953-10-22
187,Gaylene,Marcellus,Gaylene.Marcellus@yopmail.com,Gaylene.Marcellus@gmail.com,firefighter,2010-11-16
188,Hildegaard,Sheng,Hildegaard.Sheng@yopmail.com,Hildegaard.Sheng@gmail.com,doctor,1937-02-13
189,Tori,Beebe,Tori.Beebe@yopmail.com,Tori.Beebe@gmail.com,worker,2000-02-23
190,Marti,Allys,Marti.Allys@yopmail.com,Marti.Allys@gmail.com,doctor,1950-06-08
191,Christal,Marcellus,Christal.Marcellus@yopmail.com,Christal.Marcellus@gmail.com,doctor,1984-08-05
192,Lolita,Tyson,Lolita.Tyson@yopmail.com,Lolita.Tyson@gmail.com,police officer,1935-12-24
193,Dolli,Pearse,Dolli.Pearse@yopmail.com,Dolli.Pearse@gmail.com,developer,1904-05-06
194,Caressa,Kussell,Caressa.Kussell@yopmail.com,Caressa.Kussell@gmail.com,firefighter,1993-05-03
195,Jinny,Kiersten,Jinny.Kiersten@yopmail.com,Jinny.Kiersten@gmail.com,developer,1963-05-02
196,Stephanie,Raul,Stephanie.Raul@yopmail.com,Stephanie.Raul@gmail.com,police officer,1905-01-04
197,Beatriz,Letsou,Beatriz.Letsou@yopmail.com,Beatriz.Letsou@gmail.com,developer,1931-03-18
198,Lindie,Valerio,Lindie.Valerio@yopmail.com,Lindie.Valerio@gmail.com,doctor,1931-05-18
199,Emmey,Trey,Emmey.Trey@yopmail.com,Emmey.Trey@gmail.com,police officer,1927-07-27
200,Trixi,Bigner,Trixi.Bigner@yopmail.com,Trixi.Bigner@gmail.com,developer,1966-07-27
201,Clary,Girardo,Clary.Girardo@yopmail.com,Clary.Girardo@gmail.com,doctor,1930-06-25
202,Philis,Neva,Philis.Neva@yopmail.com,Philis.Neva@gmail.com,developer,1945-06-01
203,Corry,Viddah,Corry.Viddah@yopmail.com,Corry.Viddah@gmail.com,developer,1936-11-06
204,Dale,Firmin,Dale.Firmin@yopmail.com,Dale.Firmin@gmail.com,police officer,1977-09-29
205,Harmonia,Zaslow,Harmonia.Zaslow@yopmail.com,Harmonia.Zaslow@gmail.com,police officer,1971-10-03
206,Mahalia,Kolnick,Mahalia.Kolnick@yopmail.com,Mahalia.Kolnick@gmail.com,developer,1939-01-05
207,Goldie,Land,Goldie.Land@yopmail.com,Goldie.Land@gmail.com,police officer,1936-01-02
208,Latisha,Bluh,Latisha.Bluh@yopmail.com,Latisha.Bluh@gmail.com,developer,1916-02-14
209,Drucie,Pandolfi,Drucie.Pandolfi@yopmail.com,Drucie.Pandolfi@gmail.com,worker,1945-11-16
210,Aurore,Isacco,Aurore.Isacco@yopmail.com,Aurore.Isacco@gmail.com,developer,1976-01-01
211,Bill,Voletta,Bill.Voletta@yopmail.com,Bill.Voletta@gmail.com,police officer,1982-11-06
212,Laure,Taam,Laure.Taam@yopmail.com,Laure.Taam@gmail.com,doctor,2008-03-06
213,Binny,Ardeha,Binny.Ardeha@yopmail.com,Binny.Ardeha@gmail.com,firefighter,1965-09-21
214,Kimmy,Edvard,Kimmy.Edvard@yopmail.com,Kimmy.Edvard@gmail.com,developer,1927-02-12
215,Dawn,Pacorro,Dawn.Pacorro@yopmail.com,Dawn.Pacorro@gmail.com,police officer,1950-03-21
216,Odessa,Bennie,Odessa.Bennie@yopmail.com,Odessa.Bennie@gmail.com,firefighter,1994-12-29
217,Codie,Argus,Codie.Argus@yopmail.com,Codie.Argus@gmail.com,firefighter,1956-12-04
218,Carol-Jean,Arathorn,Carol-Jean.Arathorn@yopmail.com,Carol-Jean.Arathorn@gmail.com,developer,2017-04-06
219,Winny,Magdalen,Winny.Magdalen@yopmail.com,Winny.Magdalen@gmail.com,doctor,1959-03-11
220,Marylou,Stav,Marylou.Stav@yopmail.com,Marylou.Stav@gmail.com,worker,1985-07-02
221,Jobi,Buffum,Jobi.Buffum@yopmail.com,Jobi.Buffum@gmail.com,firefighter,1982-01-05
222,Kenna,Zrike,Kenna.Zrike@yopmail.com,Kenna.Zrike@gmail.com,doctor,1925-02-10
223,Claudina,Niccolo,Claudina.Niccolo@yopmail.com,Claudina.Niccolo@gmail.com,worker,1967-02-03
224,Lorenza,Donoghue,Lorenza.Donoghue@yopmail.com,Lorenza.Donoghue@gmail.com,developer,1990-06-26
225,Alexine,Hachmin,Alexine.Hachmin@yopmail.com,Alexine.Hachmin@gmail.com,developer,1915-03-01
226,Christian,Lamoree,Christian.Lamoree@yopmail.com,Christian.Lamoree@gmail.com,police officer,1987-05-17
227,Gabriellia,Grosz,Gabriellia.Grosz@yopmail.com,Gabriellia.Grosz@gmail.com,firefighter,1994-01-06
228,Britte,Berriman,Britte.Berriman@yopmail.com,Britte.Berriman@gmail.com,police officer,1954-07-04
229,Nerta,Lamoree,Nerta.Lamoree@yopmail.com,Nerta.Lamoree@gmail.com,doctor,1907-12-14
230,Chere,Denis,Chere.Denis@yopmail.com,Chere.Denis@gmail.com,developer,1966-02-17
231,Christian,Miru,Christian.Miru@yopmail.com,Christian.Miru@gmail.com,developer,1984-06-16
232,Roxane,Baylor,Roxane.Baylor@yopmail.com,Roxane.Baylor@gmail.com,doctor,1961-11-24
233,Dominga,Grobe,Dominga.Grobe@yopmail.com,Dominga.Grobe@gmail.com,worker,1944-08-02
234,Tori,Reneta,Tori.Reneta@yopmail.com,Tori.Reneta@gmail.com,police officer,1902-12-25
235,Rosabelle,Obed,Rosabelle.Obed@yopmail.com,Rosabelle.Obed@gmail.com,developer,2001-01-17
236,Feliza,Dyche,Feliza.Dyche@yopmail.com,Feliza.Dyche@gmail.com,worker,1900-03-09
237,Modestia,Georas,Modestia.Georas@yopmail.com,Modestia.Georas@gmail.com,developer,1955-11-09
238,Netty,Clywd,Netty.Clywd@yopmail.com,Netty.Clywd@gmail.com,worker,2006-08-21
239,Daphne,Seessel,Daphne.Seessel@yopmail.com,Daphne.Seessel@gmail.com,police officer,1955-12-22
240,Olwen,Selway,Olwen.Selway@yopmail.com,Olwen.Selway@gmail.com,firefighter,1905-01-14
241,Gabi,Love,Gabi.Love@yopmail.com,Gabi.Love@gmail.com,police officer,1919-08-31
242,Magdalena,Bettine,Magdalena.Bettine@yopmail.com,Magdalena.Bettine@gmail.com,developer,1966-12-17
243,Gretal,Colleen,Gretal.Colleen@yopmail.com,Gretal.Colleen@gmail.com,firefighter,2007-02-20
244,Kaja,Desai,Kaja.Desai@yopmail.com,Kaja.Desai@gmail.com,police officer,1931-06-08
245,Cordi,Gunn,Cordi.Gunn@yopmail.com,Cordi.Gunn@gmail.com,developer,2005-11-05
246,Latisha,Lasley,Latisha.Lasley@yopmail.com,Latisha.Lasley@gmail.com,doctor,1922-11-16
247,Jessamyn,Ophelia,Jessamyn.Ophelia@yopmail.com,Jessamyn.Ophelia@gmail.com,worker,1933-11-07
248,Trixi,Emmaline,Trixi.Emmaline@yopmail.com,Trixi.Emmaline@gmail.com,firefighter,1921-07-07
249,Ileana,Dash,Ileana.Dash@yopmail.com,Ileana.Dash@gmail.com,police officer,1951-05-15
250,Jinny,Bebe,Jinny.Bebe@yopmail.com,Jinny.Bebe@gmail.com,developer,1987-09-06
251,Vere,McLaughlin,Vere.McLaughlin@yopmail.com,Vere.McLaughlin@gmail.com,doctor,1972-09-02
252,Lisette,Bergman,Lisette.Bergman@yopmail.com,Lisette.Bergman@gmail.com,police officer,1981-06-12
253,Nyssa,Israeli,Nyssa.Israeli@yopmail.com,Nyssa.Israeli@gmail.com,worker,1910-09-09
254,Jaime,Anton,Jaime.Anton@yopmail.com,Jaime.Anton@gmail.com,doctor,1939-06-28
255,Cristine,Wareing,Cristine.Wareing@yopmail.com,Cristine.Wareing@gmail.com,developer,2017-06-05
256,Ermengarde,Bouchard,Ermengarde.Bouchard@yopmail.com,Ermengarde.Bouchard@gmail.com,developer,1989-01-27
257,Veda,Love,Veda.Love@yopmail.com,Veda.Love@gmail.com,developer,2009-02-01
258,Layla,Rhu,Layla.Rhu@yopmail.com,Layla.Rhu@gmail.com,developer,1905-05-31
259,Talya,Vastah,Talya.Vastah@yopmail.com,Talya.Vastah@gmail.com,police officer,1910-08-27
260,Rivalee,Gualtiero,Rivalee.Gualtiero@yopmail.com,Rivalee.Gualtiero@gmail.com,police officer,2013-10-24
261,Olwen,Daniele,Olwen.Daniele@yopmail.com,Olwen.Daniele@gmail.com,doctor,1936-09-23
262,Ethel,Cordi,Ethel.Cordi@yopmail.com,Ethel.Cordi@gmail.com,firefighter,1978-01-10
263,Misha,Gerge,Misha.Gerge@yopmail.com,Misha.Gerge@gmail.com,doctor,1929-09-30
264,Ulrike,Chesna,Ulrike.Chesna@yopmail.com,Ulrike.Chesna@gmail.com,developer,1940-08-23
265,Ezmeralda,Swanhildas,Ezmeralda.Swanhildas@yopmail.com,Ezmeralda.Swanhildas@gmail.com,developer,2015-04-01
266,Aeriela,Lasley,Aeriela.Lasley@yopmail.com,Aeriela.Lasley@gmail.com,worker,1909-10-16
267,Audrie,Vivle,Audrie.Vivle@yopmail.com,Audrie.Vivle@gmail.com,developer,1982-06-13
268,Jennica,Maryanne,Jennica.Maryanne@yopmail.com,Jennica.Maryanne@gmail.com,police officer,1949-10-28
269,Wilma,Lane,Wilma.Lane@yopmail.com,Wilma.Lane@gmail.com,police officer,1969-10-03
270,Sheree,Dash,Sheree.Dash@yopmail.com,Sheree.Dash@gmail.com,police officer,1916-08-28
271,Kirstin,Stephie,Kirstin.Stephie@yopmail.com,Kirstin.Stephie@gmail.com,worker,1939-11-20
272,Elise,Septima,Elise.Septima@yopmail.com,Elise.Septima@gmail.com,worker,1985-02-11
273,Fawne,Raseda,Fawne.Raseda@yopmail.com,Fawne.Raseda@gmail.com,worker,2016-06-06
274,Bernardine,Giule,Bernardine.Giule@yopmail.com,Bernardine.Giule@gmail.com,firefighter,1963-02-13
275,Fawne,Jerald,Fawne.Jerald@yopmail.com,Fawne.Jerald@gmail.com,firefighter,1966-07-01
276,Antonietta,Belldas,Antonietta.Belldas@yopmail.com,Antonietta.Belldas@gmail.com,police officer,1908-07-28
277,Marsiella,Shanley,Marsiella.Shanley@yopmail.com,Marsiella.Shanley@gmail.com,police officer,1966-05-07
278,Claresta,Schenck,Claresta.Schenck@yopmail.com,Claresta.Schenck@gmail.com,police officer,1984-09-09
279,Willetta,Libna,Willetta.Libna@yopmail.com,Willetta.Libna@gmail.com,police officer,1922-05-13
280,Ileana,Mauer,Ileana.Mauer@yopmail.com,Ileana.Mauer@gmail.com,worker,1934-05-18
281,Marnia,Orpah,Marnia.Orpah@yopmail.com,Marnia.Orpah@gmail.com,worker,1909-09-22
282,Renae,Autrey,Renae.Autrey@yopmail.com,Renae.Autrey@gmail.com,worker,1939-12-26
283,Lulita,Amadas,Lulita.Amadas@yopmail.com,Lulita.Amadas@gmail.com,worker,1990-01-30
284,Raina,Deny,Raina.Deny@yopmail.com,Raina.Deny@gmail.com,doctor,1963-01-16
285,Anthia,Melleta,Anthia.Melleta@yopmail.com,Anthia.Melleta@gmail.com,doctor,1938-08-09
286,Emylee,Bronk,Emylee.Bronk@yopmail.com,Emylee.Bronk@gmail.com,doctor,1971-09-18
287,Jacenta,Chapland,Jacenta.Chapland@yopmail.com,Jacenta.Chapland@gmail.com,firefighter,1920-01-22
288,Carolina,Darbie,Carolina.Darbie@yopmail.com,Carolina.Darbie@gmail.com,developer,1949-04-19
289,Paule,Nicoline,Paule.Nicoline@yopmail.com,Paule.Nicoline@gmail.com,firefighter,1908-06-09
290,Desirae,Scammon,Desirae.Scammon@yopmail.com,Desirae.Scammon@gmail.com,firefighter,2009-02-19
291,Sherrie,Bord,Sherrie.Bord@yopmail.com,Sherrie.Bord@gmail.com,firefighter,1937-12-18
292,Lita,Faro,Lita.Faro@yopmail.com,Lita.Faro@gmail.com,firefighter,1980-06-07
293,Nanete,Jenness,Nanete.Jenness@yopmail.com,Nanete.Jenness@gmail.com,worker,1933-12-11
294,Berget,Luhe,Berget.Luhe@yopmail.com,Berget.Luhe@gmail.com,worker,2017-12-10
295,Dacia,Bari,Dacia.Bari@yopmail.com,Dacia.Bari@gmail.com,police officer,2006-09-02
296,Chere,Carolin,Chere.Carolin@yopmail.com,Chere.Carolin@gmail.com,firefighter,1992-08-04
297,Genevra,Fancie,Genevra.Fancie@yopmail.com,Genevra.Fancie@gmail.com,doctor,1903-06-28
298,Loree,Vanni,Loree.Vanni@yopmail.com,Loree.Vanni@gmail.com,worker,1911-03-11
299,Courtnay,Quinn,Courtnay.Quinn@yopmail.com,Courtnay.Quinn@gmail.com,worker,1917-07-06
300,Lacie,Naor,Lacie.Naor@yopmail.com,Lacie.Naor@gmail.com,firefighter,2000-05-31
301,Sheelagh,Wattenberg,Sheelagh.Wattenberg@yopmail.com,Sheelagh.Wattenberg@gmail.com,firefighter,1932-05-22
302,Fawne,Henebry,Fawne.Henebry@yopmail.com,Fawne.Henebry@gmail.com,worker,1944-06-06
303,Gwenneth,Mendez,Gwenneth.Mendez@yopmail.com,Gwenneth.Mendez@gmail.com,police officer,1906-01-08
304,Jany,Fosque,Jany.Fosque@yopmail.com,Jany.Fosque@gmail.com,firefighter,1990-03-11
305,Frank,Braun,Frank.Braun@yopmail.com,Frank.Braun@gmail.com,developer,1922-04-19
306,Kayla,Elbertina,Kayla.Elbertina@yopmail.com,Kayla.Elbertina@gmail.com,doctor,1901-08-31
307,Alejandra,Peonir,Alejandra.Peonir@yopmail.com,Alejandra.Peonir@gmail.com,doctor,1981-03-28
308,Ebonee,Tillford,Ebonee.Tillford@yopmail.com,Ebonee.Tillford@gmail.com,worker,1941-05-20
309,Violet,Graig,Violet.Graig@yopmail.com,Violet.Graig@gmail.com,firefighter,2017-08-17
310,Genovera,Raimondo,Genovera.Raimondo@yopmail.com,Genovera.Raimondo@gmail.com,firefighter,1998-12-02
311,Marguerite,Gladstone,Marguerite.Gladstone@yopmail.com,Marguerite.Gladstone@gmail.com,police officer,1934-11-11
312,Starla,Radu,Starla.Radu@yopmail.com,Starla.Radu@gmail.com,police officer,1911-05-19
313,Alie,Cohdwell,Alie.Cohdwell@yopmail.com,Alie.Cohdwell@gmail.com,firefighter,1906-05-12
314,Carly,Gordon,Carly.Gordon@yopmail.com,Carly.Gordon@gmail.com,developer,1936-04-04
315,Lily,Chapland,Lily.Chapland@yopmail.com,Lily.Chapland@gmail.com,doctor,2012-09-02
316,Barbara,Whittaker,Barbara.Whittaker@yopmail.com,Barbara.Whittaker@gmail.com,worker,1941-06-20
317,Celene,Roscoe,Celene.Roscoe@yopmail.com,Celene.Roscoe@gmail.com,worker,1933-05-18
318,Madelle,Ardeha,Madelle.Ardeha@yopmail.com,Madelle.Ardeha@gmail.com,firefighter,1931-12-15
319,Aimil,Alexandr,Aimil.Alexandr@yopmail.com,Aimil.Alexandr@gmail.com,doctor,1966-03-04
320,Rozele,Delacourt,Rozele.Delacourt@yopmail.com,Rozele.Delacourt@gmail.com,worker,1912-09-06
321,Lita,Delp,Lita.Delp@yopmail.com,Lita.Delp@gmail.com,developer,1900-05-20
322,Nicoli,Mehalek,Nicoli.Mehalek@yopmail.com,Nicoli.Mehalek@gmail.com,worker,1915-12-24
323,Joane,Arquit,Joane.Arquit@yopmail.com,Joane.Arquit@gmail.com,police officer,1921-10-26
324,Vanessa,Oster,Vanessa.Oster@yopmail.com,Vanessa.Oster@gmail.com,worker,1977-10-03
325,Britni,Schalles,Britni.Schalles@yopmail.com,Britni.Schalles@gmail.com,police officer,1909-11-12
326,Hayley,Harl,Hayley.Harl@yopmail.com,Hayley.Harl@gmail.com,developer,1909-10-07
327,Paule,Laurianne,Paule.Laurianne@yopmail.com,Paule.Laurianne@gmail.com,doctor,1964-03-26
328,Clarice,Miru,Clarice.Miru@yopmail.com,Clarice.Miru@gmail.com,firefighter,1913-09-13
329,Leeanne,Norvol,Leeanne.Norvol@yopmail.com,Leeanne.Norvol@gmail.com,developer,2000-03-16
330,Kirstin,Pitt,Kirstin.Pitt@yopmail.com,Kirstin.Pitt@gmail.com,worker,1981-01-01
331,Marguerite,Craggie,Marguerite.Craggie@yopmail.com,Marguerite.Craggie@gmail.com,firefighter,1965-02-17
332,Shell,Niles,Shell.Niles@yopmail.com,Shell.Niles@gmail.com,doctor,1946-08-11
333,Caressa,Drisko,Caressa.Drisko@yopmail.com,Caressa.Drisko@gmail.com,firefighter,1970-06-26
334,Zia,Burkle,Zia.Burkle@yopmail.com,Zia.Burkle@gmail.com,worker,1907-06-05
335,Leontine,Randene,Leontine.Randene@yopmail.com,Leontine.Randene@gmail.com,developer,1945-05-05
336,Ariela,Palocz,Ariela.Palocz@yopmail.com,Ariela.Palocz@gmail.com,worker,1912-12-12
337,Lucy,Ambrosia,Lucy.Ambrosia@yopmail.com,Lucy.Ambrosia@gmail.com,doctor,1962-03-20
338,Roxane,Leary,Roxane.Leary@yopmail.com,Roxane.Leary@gmail.com,police officer,1946-12-29
339,Kial,Avi,Kial.Avi@yopmail.com,Kial.Avi@gmail.com,police officer,2010-04-03
340,Kayla,Concha,Kayla.Concha@yopmail.com,Kayla.Concha@gmail.com,firefighter,1978-11-04
341,Kirstin,Jorgan,Kirstin.Jorgan@yopmail.com,Kirstin.Jorgan@gmail.com,developer,1938-12-06
342,Marnia,August,Marnia.August@yopmail.com,Marnia.August@gmail.com,doctor,2012-11-18
343,Chickie,O'Carroll,Chickie.O'Carroll@yopmail.com,Chickie.O'Carroll@gmail.com,firefighter,1993-08-31
344,Mallory,Bobbee,Mallory.Bobbee@yopmail.com,Mallory.Bobbee@gmail.com,worker,1930-05-16
345,Kelly,Ochs,Kelly.Ochs@yopmail.com,Kelly.Ochs@gmail.com,doctor,1993-08-04
346,Adele,Gale,Adele.Gale@yopmail.com,Adele.Gale@gmail.com,firefighter,1993-04-20
347,Fayre,Grosz,Fayre.Grosz@yopmail.com,Fayre.Grosz@gmail.com,developer,2010-03-06
348,Sharai,Papageno,Sharai.Papageno@yopmail.com,Sharai.Papageno@gmail.com,worker,2000-08-18
349,Sara-Ann,Han,Sara-Ann.Han@yopmail.com,Sara-Ann.Han@gmail.com,developer,1931-06-22
350,Ada,Hylan,Ada.Hylan@yopmail.com,Ada.Hylan@gmail.com,doctor,1972-01-10
351,Nanete,Arvo,Nanete.Arvo@yopmail.com,Nanete.Arvo@gmail.com,worker,1924-09-12
352,Paulita,Fillbert,Paulita.Fillbert@yopmail.com,Paulita.Fillbert@gmail.com,worker,1948-04-08
353,Michaelina,Burkle,Michaelina.Burkle@yopmail.com,Michaelina.Burkle@gmail.com,developer,1928-01-16
354,Glynnis,Leopold,Glynnis.Leopold@yopmail.com,Glynnis.Leopold@gmail.com,doctor,1912-11-09
355,Norine,Secrest,Norine.Secrest@yopmail.com,Norine.Secrest@gmail.com,worker,1979-06-15
356,Nyssa,Brandice,Nyssa.Brandice@yopmail.com,Nyssa.Brandice@gmail.com,developer,1969-03-28
357,Tressa,Capello,Tressa.Capello@yopmail.com,Tressa.Capello@gmail.com,doctor,1920-09-04
358,Joelly,Vacuva,Joelly.Vacuva@yopmail.com,Joelly.Vacuva@gmail.com,firefighter,1963-04-15
359,Kimberley,Persse,Kimberley.Persse@yopmail.com,Kimberley.Persse@gmail.com,doctor,2009-12-23
360,Cecile,Brunell,Cecile.Brunell@yopmail.com,Cecile.Brunell@gmail.com,developer,1976-03-10
361,Elbertina,Pierette,Elbertina.Pierette@yopmail.com,Elbertina.Pierette@gmail.com,developer,1910-10-26
362,Janey,Avi,Janey.Avi@yopmail.com,Janey.Avi@gmail.com,police officer,1954-08-29
363,Lanna,Wildermuth,Lanna.Wildermuth@yopmail.com,Lanna.Wildermuth@gmail.com,police officer,1985-01-14
364,Annora,Zachary,Annora.Zachary@yopmail.com,Annora.Zachary@gmail.com,doctor,2003-12-07
365,Gratia,Jaylene,Gratia.Jaylene@yopmail.com,Gratia.Jaylene@gmail.com,firefighter,2014-05-31
366,Briney,Orelee,Briney.Orelee@yopmail.com,Briney.Orelee@gmail.com,worker,1901-06-06
367,Perry,McClimans,Perry.McClimans@yopmail.com,Perry.McClimans@gmail.com,developer,1951-03-29
368,Olivette,Larochelle,Olivette.Larochelle@yopmail.com,Olivette.Larochelle@gmail.com,developer,1935-09-18
369,Ayn,Presber,Ayn.Presber@yopmail.com,Ayn.Presber@gmail.com,police officer,1928-04-28
370,Cecile,Helfand,Cecile.Helfand@yopmail.com,Cecile.Helfand@gmail.com,police officer,2004-07-09
371,Vinita,McClimans,Vinita.McClimans@yopmail.com,Vinita.McClimans@gmail.com,worker,1998-05-31
372,Maridel,Jobi,Maridel.Jobi@yopmail.com,Maridel.Jobi@gmail.com,police officer,1984-09-28
373,Valeda,Ledah,Valeda.Ledah@yopmail.com,Valeda.Ledah@gmail.com,developer,1923-09-10
374,Magdalena,Alcott,Magdalena.Alcott@yopmail.com,Magdalena.Alcott@gmail.com,firefighter,1983-06-08
375,Melisent,Anton,Melisent.Anton@yopmail.com,Melisent.Anton@gmail.com,doctor,1935-03-14
376,Beatriz,Obed,Beatriz.Obed@yopmail.com,Beatriz.Obed@gmail.com,developer,1947-05-15
377,Molli,Tice,Molli.Tice@yopmail.com,Molli.Tice@gmail.com,developer,1935-06-24
378,Livvyy,Carbo,Livvyy.Carbo@yopmail.com,Livvyy.Carbo@gmail.com,worker,1977-03-28
379,Elbertina,Oscar,Elbertina.Oscar@yopmail.com,Elbertina.Oscar@gmail.com,developer,1948-02-15
380,Leanna,Graig,Leanna.Graig@yopmail.com,Leanna.Graig@gmail.com,doctor,1903-11-21
381,Christian,Raychel,Christian.Raychel@yopmail.com,Christian.Raychel@gmail.com,developer,1927-03-02
382,Annice,Koziara,Annice.Koziara@yopmail.com,Annice.Koziara@gmail.com,doctor,2001-12-28
383,Sadie,Wareing,Sadie.Wareing@yopmail.com,Sadie.Wareing@gmail.com,police officer,1981-07-23
384,Netty,Ciapas,Netty.Ciapas@yopmail.com,Netty.Ciapas@gmail.com,developer,1907-06-02
385,Cathyleen,Alfons,Cathyleen.Alfons@yopmail.com,Cathyleen.Alfons@gmail.com,police officer,1934-04-06
386,Christal,Ciro,Christal.Ciro@yopmail.com,Christal.Ciro@gmail.com,firefighter,1931-05-25
387,Coral,Dosia,Coral.Dosia@yopmail.com,Coral.Dosia@gmail.com,worker,1988-01-09
388,Jsandye,Monaco,Jsandye.Monaco@yopmail.com,Jsandye.Monaco@gmail.com,police officer,1932-04-28
389,Hollie,Freddi,Hollie.Freddi@yopmail.com,Hollie.Freddi@gmail.com,developer,1977-07-30
390,Jillayne,Astra,Jillayne.Astra@yopmail.com,Jillayne.Astra@gmail.com,worker,1940-07-02
391,Ellette,Jena,Ellette.Jena@yopmail.com,Ellette.Jena@gmail.com,developer,2008-04-20
392,Marcelline,Weitman,Marcelline.Weitman@yopmail.com,Marcelline.Weitman@gmail.com,doctor,2011-11-30
393,Lenna,Daniele,Lenna.Daniele@yopmail.com,Lenna.Daniele@gmail.com,worker,1910-02-04
394,Goldie,Tufts,Goldie.Tufts@yopmail.com,Goldie.Tufts@gmail.com,doctor,1929-05-12
395,Cathie,Jena,Cathie.Jena@yopmail.com,Cathie.Jena@gmail.com,police officer,2007-07-05
396,Lynnea,Greyson,Lynnea.Greyson@yopmail.com,Lynnea.Greyson@gmail.com,firefighter,1932-08-07
397,Jerry,Dudley,Jerry.Dudley@yopmail.com,Jerry.Dudley@gmail.com,worker,2019-09-21
398,Thalia,Lenny,Thalia.Lenny@yopmail.com,Thalia.Lenny@gmail.com,doctor,1905-05-08
399,Noelle,Nikaniki,Noelle.Nikaniki@yopmail.com,Noelle.Nikaniki@gmail.com,police officer,1945-11-23
400,Emma,Gunn,Emma.Gunn@yopmail.com,Emma.Gunn@gmail.com,worker,1973-05-17
401,Almeta,Nance,Almeta.Nance@yopmail.com,Almeta.Nance@gmail.com,police officer,1973-05-25
402,Dyann,Ambrosia,Dyann.Ambrosia@yopmail.com,Dyann.Ambrosia@gmail.com,doctor,1933-09-27
403,Merry,Jess,Merry.Jess@yopmail.com,Merry.Jess@gmail.com,police officer,1902-09-18
404,Hannis,Wallis,Hannis.Wallis@yopmail.com,Hannis.Wallis@gmail.com,worker,1963-08-22
405,Brana,Ilka,Brana.Ilka@yopmail.com,Brana.Ilka@gmail.com,developer,1959-11-18
406,Queenie,Kauppi,Queenie.Kauppi@yopmail.com,Queenie.Kauppi@gmail.com,worker,1960-12-15
407,Rosaline,Telfer,Rosaline.Telfer@yopmail.com,Rosaline.Telfer@gmail.com,developer,1994-02-17
408,Mady,Tarrant,Mady.Tarrant@yopmail.com,Mady.Tarrant@gmail.com,developer,1996-10-20
409,Sharai,Nahum,Sharai.Nahum@yopmail.com,Sharai.Nahum@gmail.com,worker,1919-10-28
410,Nicoli,Henebry,Nicoli.Henebry@yopmail.com,Nicoli.Henebry@gmail.com,police officer,1914-02-04
411,Anthia,Trinetta,Anthia.Trinetta@yopmail.com,Anthia.Trinetta@gmail.com,developer,1960-11-18
412,Jobi,Nahum,Jobi.Nahum@yopmail.com,Jobi.Nahum@gmail.com,worker,1969-07-09
413,Ingrid,Elvyn,Ingrid.Elvyn@yopmail.com,Ingrid.Elvyn@gmail.com,police officer,1908-09-14
414,Delilah,Malanie,Delilah.Malanie@yopmail.com,Delilah.Malanie@gmail.com,worker,2010-02-21
415,Ginnie,Jeanne,Ginnie.Jeanne@yopmail.com,Ginnie.Jeanne@gmail.com,worker,1958-03-12
416,Aurore,Hubert,Aurore.Hubert@yopmail.com,Aurore.Hubert@gmail.com,police officer,2019-11-01
417,Phedra,Trinetta,Phedra.Trinetta@yopmail.com,Phedra.Trinetta@gmail.com,police officer,1939-09-27
418,Fanchon,McLaughlin,Fanchon.McLaughlin@yopmail.com,Fanchon.McLaughlin@gmail.com,worker,1988-02-04
419,Cassondra,Moseley,Cassondra.Moseley@yopmail.com,Cassondra.Moseley@gmail.com,doctor,2008-05-05
420,Bertine,Friede,Bertine.Friede@yopmail.com,Bertine.Friede@gmail.com,worker,1976-05-05
421,Madalyn,Quent,Madalyn.Quent@yopmail.com,Madalyn.Quent@gmail.com,worker,2014-11-25
422,Cathie,Raseda,Cathie.Raseda@yopmail.com,Cathie.Raseda@gmail.com,firefighter,1947-11-21
423,Ilse,Wallis,Ilse.Wallis@yopmail.com,Ilse.Wallis@gmail.com,worker,1976-06-22
424,Wendi,Richers,Wendi.Richers@yopmail.com,Wendi.Richers@gmail.com,developer,1978-10-26
425,Emilia,Hertzfeld,Emilia.Hertzfeld@yopmail.com,Emilia.Hertzfeld@gmail.com,police officer,2000-01-03
426,Dede,Callista,Dede.Callista@yopmail.com,Dede.Callista@gmail.com,firefighter,1969-12-12
427,Kittie,Quinn,Kittie.Quinn@yopmail.com,Kittie.Quinn@gmail.com,police officer,2013-07-17
428,Corina,Ball,Corina.Ball@yopmail.com,Corina.Ball@gmail.com,doctor,1951-08-06
429,Kenna,Destinee,Kenna.Destinee@yopmail.com,Kenna.Destinee@gmail.com,developer,1906-06-05
430,Lolita,Shaddock,Lolita.Shaddock@yopmail.com,Lolita.Shaddock@gmail.com,doctor,1930-01-20
431,Demetris,Esmaria,Demetris.Esmaria@yopmail.com,Demetris.Esmaria@gmail.com,police officer,1973-12-21
432,Ginnie,Merat,Ginnie.Merat@yopmail.com,Ginnie.Merat@gmail.com,worker,1957-12-11
433,Lorne,Amand,Lorne.Amand@yopmail.com,Lorne.Amand@gmail.com,doctor,2005-04-08
434,Mireielle,An,Mireielle.An@yopmail.com,Mireielle.An@gmail.com,developer,1989-12-04
435,Ardenia,Henebry,Ardenia.Henebry@yopmail.com,Ardenia.Henebry@gmail.com,police officer,1948-06-26
436,Elyssa,Merriott,Elyssa.Merriott@yopmail.com,Elyssa.Merriott@gmail.com,firefighter,1970-10-18
437,Dorthy,Korey,Dorthy.Korey@yopmail.com,Dorthy.Korey@gmail.com,worker,1958-08-19
438,Hollie,Wu,Hollie.Wu@yopmail.com,Hollie.Wu@gmail.com,worker,1931-08-01
439,Jillayne,Zitvaa,Jillayne.Zitvaa@yopmail.com,Jillayne.Zitvaa@gmail.com,firefighter,2001-08-06
440,Gertrud,Annabella,Gertrud.Annabella@yopmail.com,Gertrud.Annabella@gmail.com,firefighter,1978-12-26
441,Kristan,Francene,Kristan.Francene@yopmail.com,Kristan.Francene@gmail.com,worker,1926-07-07
442,Lusa,Lorenz,Lusa.Lorenz@yopmail.com,Lusa.Lorenz@gmail.com,police officer,1964-08-22
443,Layla,Wiener,Layla.Wiener@yopmail.com,Layla.Wiener@gmail.com,developer,1991-10-15
444,Katuscha,Sisile,Katuscha.Sisile@yopmail.com,Katuscha.Sisile@gmail.com,firefighter,2016-09-12
445,Caryl,Wareing,Caryl.Wareing@yopmail.com,Caryl.Wareing@gmail.com,developer,1901-02-13
446,Belva,Yate,Belva.Yate@yopmail.com,Belva.Yate@gmail.com,police officer,1903-04-10
447,Kary,Cassius,Kary.Cassius@yopmail.com,Kary.Cassius@gmail.com,doctor,1919-05-29
448,Sheelagh,Leifeste,Sheelagh.Leifeste@yopmail.com,Sheelagh.Leifeste@gmail.com,police officer,2002-07-25
449,Lorie,Celestine,Lorie.Celestine@yopmail.com,Lorie.Celestine@gmail.com,developer,1982-10-04
450,Orelia,Thilda,Orelia.Thilda@yopmail.com,Orelia.Thilda@gmail.com,worker,1958-06-16
451,Misha,Trey,Misha.Trey@yopmail.com,Misha.Trey@gmail.com,doctor,2006-10-07
452,Alia,Daveta,Alia.Daveta@yopmail.com,Alia.Daveta@gmail.com,firefighter,1901-05-28
453,Nollie,Sophronia,Nollie.Sophronia@yopmail.com,Nollie.Sophronia@gmail.com,developer,2017-12-19
454,Bernardine,Cordi,Bernardine.Cordi@yopmail.com,Bernardine.Cordi@gmail.com,worker,2015-06-11
455,Ivett,Loleta,Ivett.Loleta@yopmail.com,Ivett.Loleta@gmail.com,doctor,2017-11-22
456,Rosaline,Quinn,Rosaline.Quinn@yopmail.com,Rosaline.Quinn@gmail.com,police officer,1984-11-14
457,Tiffie,Gordon,Tiffie.Gordon@yopmail.com,Tiffie.Gordon@gmail.com,worker,1996-06-29
458,Collen,Jerald,Collen.Jerald@yopmail.com,Collen.Jerald@gmail.com,firefighter,1937-10-13
459,Bill,Judye,Bill.Judye@yopmail.com,Bill.Judye@gmail.com,doctor,1945-02-17
460,Bertine,Alarise,Bertine.Alarise@yopmail.com,Bertine.Alarise@gmail.com,developer,1918-03-26
461,Jacquetta,Prouty,Jacquetta.Prouty@yopmail.com,Jacquetta.Prouty@gmail.com,developer,1994-07-14
462,Brianna,Sholley,Brianna.Sholley@yopmail.com,Brianna.Sholley@gmail.com,firefighter,1909-05-09
463,Belinda,Hewitt,Belinda.Hewitt@yopmail.com,Belinda.Hewitt@gmail.com,firefighter,1907-11-16
464,Hyacinthe,Beniamino,Hyacinthe.Beniamino@yopmail.com,Hyacinthe.Beniamino@gmail.com,police officer,1957-08-31
465,Fredericka,Velick,Fredericka.Velick@yopmail.com,Fredericka.Velick@gmail.com,police officer,1955-03-12
466,Jacenta,Tomasina,Jacenta.Tomasina@yopmail.com,Jacenta.Tomasina@gmail.com,firefighter,1999-01-06
467,Lenna,Kat,Lenna.Kat@yopmail.com,Lenna.Kat@gmail.com,worker,1979-06-16
468,Lenna,Zaslow,Lenna.Zaslow@yopmail.com,Lenna.Zaslow@gmail.com,police officer,2015-05-04
469,Kaja,Dahlia,Kaja.Dahlia@yopmail.com,Kaja.Dahlia@gmail.com,developer,1959-02-22
470,Josephine,Delacourt,Josephine.Delacourt@yopmail.com,Josephine.Delacourt@gmail.com,developer,2002-10-14
471,Katleen,Laurianne,Katleen.Laurianne@yopmail.com,Katleen.Laurianne@gmail.com,firefighter,1923-04-05
472,Alie,Gale,Alie.Gale@yopmail.com,Alie.Gale@gmail.com,developer,1948-04-07
473,Kellen,Daniele,Kellen.Daniele@yopmail.com,Kellen.Daniele@gmail.com,developer,1918-01-26
474,Benita,Romelda,Benita.Romelda@yopmail.com,Benita.Romelda@gmail.com,firefighter,1982-10-03
475,Hayley,Gilmour,Hayley.Gilmour@yopmail.com,Hayley.Gilmour@gmail.com,developer,1985-06-12
476,Bee,Kendrick,Bee.Kendrick@yopmail.com,Bee.Kendrick@gmail.com,developer,2002-05-30
477,Gabi,Ricarda,Gabi.Ricarda@yopmail.com,Gabi.Ricarda@gmail.com,police officer,2017-07-31
478,Carlie,O'Carroll,Carlie.O'Carroll@yopmail.com,Carlie.O'Carroll@gmail.com,police officer,1958-10-27
479,Flory,Lamoree,Flory.Lamoree@yopmail.com,Flory.Lamoree@gmail.com,police officer,1905-06-24
480,Lorne,Lauraine,Lorne.Lauraine@yopmail.com,Lorne.Lauraine@gmail.com,developer,1974-01-19
481,Fayre,Gherardo,Fayre.Gherardo@yopmail.com,Fayre.Gherardo@gmail.com,developer,1967-08-03
482,Talya,Zina,Talya.Zina@yopmail.com,Talya.Zina@gmail.com,developer,2017-04-30
483,Sean,Margarete,Sean.Margarete@yopmail.com,Sean.Margarete@gmail.com,worker,2009-08-23
484,Brianna,Buttaro,Brianna.Buttaro@yopmail.com,Brianna.Buttaro@gmail.com,firefighter,1945-02-27
485,Ann-Marie,Codding,Ann-Marie.Codding@yopmail.com,Ann-Marie.Codding@gmail.com,firefighter,1901-06-05
486,Sibella,Kamaria,Sibella.Kamaria@yopmail.com,Sibella.Kamaria@gmail.com,police officer,2019-08-19
487,Alia,Alarise,Alia.Alarise@yopmail.com,Alia.Alarise@gmail.com,firefighter,1929-11-19
488,Helsa,Lewes,Helsa.Lewes@yopmail.com,Helsa.Lewes@gmail.com,doctor,1951-05-04
489,Selma,Gibbeon,Selma.Gibbeon@yopmail.com,Selma.Gibbeon@gmail.com,firefighter,2017-01-14
490,Betta,Carbo,Betta.Carbo@yopmail.com,Betta.Carbo@gmail.com,doctor,1995-05-13
491,Lynde,Cristi,Lynde.Cristi@yopmail.com,Lynde.Cristi@gmail.com,developer,1946-12-28
492,Nataline,Bivins,Nataline.Bivins@yopmail.com,Nataline.Bivins@gmail.com,firefighter,1983-05-02
493,Angela,Wiener,Angela.Wiener@yopmail.com,Angela.Wiener@gmail.com,firefighter,1963-08-25
494,Mary,Anyah,Mary.Anyah@yopmail.com,Mary.Anyah@gmail.com,firefighter,1973-07-21
495,Elora,Magnolia,Elora.Magnolia@yopmail.com,Elora.Magnolia@gmail.com,firefighter,1958-03-23
496,Nelle,Philipp,Nelle.Philipp@yopmail.com,Nelle.Philipp@gmail.com,firefighter,1955-05-05
497,Jenda,Kenwood,Jenda.Kenwood@yopmail.com,Jenda.Kenwood@gmail.com,doctor,1944-09-02
498,Ivett,Campball,Ivett.Campball@yopmail.com,Ivett.Campball@gmail.com,developer,1984-01-04
499,Katharina,Manolo,Katharina.Manolo@yopmail.com,Katharina.Manolo@gmail.com,developer,2011-03-03
500,Paola,Joni,Paola.Joni@yopmail.com,Paola.Joni@gmail.com,doctor,1995-10-23
501,Elyssa,Bach,Elyssa.Bach@yopmail.com,Elyssa.Bach@gmail.com,police officer,1916-02-12
502,Robbi,Darrell,Robbi.Darrell@yopmail.com,Robbi.Darrell@gmail.com,doctor,1948-06-10
503,Ulrike,Aaberg,Ulrike.Aaberg@yopmail.com,Ulrike.Aaberg@gmail.com,worker,1912-08-29
504,Kassey,Carey,Kassey.Carey@yopmail.com,Kassey.Carey@gmail.com,firefighter,1914-12-19
505,Thalia,Gualtiero,Thalia.Gualtiero@yopmail.com,Thalia.Gualtiero@gmail.com,firefighter,1965-01-10
506,Dianemarie,Cavan,Dianemarie.Cavan@yopmail.com,Dianemarie.Cavan@gmail.com,worker,1914-04-17
507,Bill,Jehu,Bill.Jehu@yopmail.com,Bill.Jehu@gmail.com,firefighter,1996-04-08
508,Regina,Claudine,Regina.Claudine@yopmail.com,Regina.Claudine@gmail.com,firefighter,2008-04-10
509,Maridel,Oster,Maridel.Oster@yopmail.com,Maridel.Oster@gmail.com,police officer,2014-10-28
510,Shandie,Natalia,Shandie.Natalia@yopmail.com,Shandie.Natalia@gmail.com,police officer,2016-08-18
511,Madalyn,Whittaker,Madalyn.Whittaker@yopmail.com,Madalyn.Whittaker@gmail.com,firefighter,1916-12-08
512,Cathyleen,Zachary,Cathyleen.Zachary@yopmail.com,Cathyleen.Zachary@gmail.com,firefighter,1953-05-05
513,Sue,Silvan,Sue.Silvan@yopmail.com,Sue.Silvan@gmail.com,developer,1978-12-09
514,Edee,Marsden,Edee.Marsden@yopmail.com,Edee.Marsden@gmail.com,worker,1915-06-24
515,Philis,Emmaline,Philis.Emmaline@yopmail.com,Philis.Emmaline@gmail.com,developer,1919-10-21
516,Paule,Hedve,Paule.Hedve@yopmail.com,Paule.Hedve@gmail.com,developer,2015-09-18
517,Sidoney,Ralfston,Sidoney.Ralfston@yopmail.com,Sidoney.Ralfston@gmail.com,firefighter,1939-01-18
518,Donnie,Shaver,Donnie.Shaver@yopmail.com,Donnie.Shaver@gmail.com,firefighter,1989-07-23
519,Hallie,Wittie,Hallie.Wittie@yopmail.com,Hallie.Wittie@gmail.com,worker,1952-12-09
520,Tilly,Kress,Tilly.Kress@yopmail.com,Tilly.Kress@gmail.com,developer,1962-11-08
521,Christy,Callista,Christy.Callista@yopmail.com,Christy.Callista@gmail.com,doctor,1929-11-03
522,Dorthy,Cottle,Dorthy.Cottle@yopmail.com,Dorthy.Cottle@gmail.com,developer,2010-07-19
523,Starla,Ferrell,Starla.Ferrell@yopmail.com,Starla.Ferrell@gmail.com,firefighter,1992-07-23
524,Viki,Sisile,Viki.Sisile@yopmail.com,Viki.Sisile@gmail.com,firefighter,1954-03-14
525,Peri,Even,Peri.Even@yopmail.com,Peri.Even@gmail.com,developer,1964-02-29
526,Britni,Cohdwell,Britni.Cohdwell@yopmail.com,Britni.Cohdwell@gmail.com,developer,1990-09-12
527,Willetta,Ludewig,Willetta.Ludewig@yopmail.com,Willetta.Ludewig@gmail.com,worker,2014-08-27
528,Florencia,Parsaye,Florencia.Parsaye@yopmail.com,Florencia.Parsaye@gmail.com,worker,2000-03-24
529,Jobi,Zuzana,Jobi.Zuzana@yopmail.com,Jobi.Zuzana@gmail.com,doctor,1910-09-02
530,Robbi,Rodmann,Robbi.Rodmann@yopmail.com,Robbi.Rodmann@gmail.com,doctor,1911-09-03
531,Candi,Kermit,Candi.Kermit@yopmail.com,Candi.Kermit@gmail.com,developer,1973-09-09
532,Kristina,Meter,Kristina.Meter@yopmail.com,Kristina.Meter@gmail.com,doctor,1903-05-24
533,Genevra,McNully,Genevra.McNully@yopmail.com,Genevra.McNully@gmail.com,firefighter,1933-03-31
534,Kerrin,Huggins,Kerrin.Huggins@yopmail.com,Kerrin.Huggins@gmail.com,police officer,1986-07-30
535,Farrah,Ingra,Farrah.Ingra@yopmail.com,Farrah.Ingra@gmail.com,police officer,1961-10-14
536,Gratia,Lail,Gratia.Lail@yopmail.com,Gratia.Lail@gmail.com,worker,1958-05-15
537,Emilia,Florina,Emilia.Florina@yopmail.com,Emilia.Florina@gmail.com,worker,1982-11-07
538,Coral,Markman,Coral.Markman@yopmail.com,Coral.Markman@gmail.com,developer,1929-12-16
539,Morganica,Fancie,Morganica.Fancie@yopmail.com,Morganica.Fancie@gmail.com,worker,2013-11-05
540,Amelia,Carlson,Amelia.Carlson@yopmail.com,Amelia.Carlson@gmail.com,developer,2008-02-26
541,Sherrie,Nisbet,Sherrie.Nisbet@yopmail.com,Sherrie.Nisbet@gmail.com,doctor,1914-04-08
542,Mallory,Wattenberg,Mallory.Wattenberg@yopmail.com,Mallory.Wattenberg@gmail.com,firefighter,1987-10-23
543,Fernande,Fabiola,Fernande.Fabiola@yopmail.com,Fernande.Fabiola@gmail.com,worker,1984-04-23
544,Zaria,Killigrew,Zaria.Killigrew@yopmail.com,Zaria.Killigrew@gmail.com,worker,1997-07-21
545,Nita,Wandie,Nita.Wandie@yopmail.com,Nita.Wandie@gmail.com,firefighter,1918-09-12
546,Veda,Gerge,Veda.Gerge@yopmail.com,Veda.Gerge@gmail.com,developer,1953-08-22
547,Lolita,Hashim,Lolita.Hashim@yopmail.com,Lolita.Hashim@gmail.com,police officer,1926-09-15
548,Ilse,Evangelia,Ilse.Evangelia@yopmail.com,Ilse.Evangelia@gmail.com,firefighter,1905-09-06
549,Jacquetta,Aida,Jacquetta.Aida@yopmail.com,Jacquetta.Aida@gmail.com,developer,2000-03-22
550,Ricky,Stover,Ricky.Stover@yopmail.com,Ricky.Stover@gmail.com,developer,1939-08-16
551,Bernie,Fink,Bernie.Fink@yopmail.com,Bernie.Fink@gmail.com,police officer,1982-11-03
552,Layla,Grobe,Layla.Grobe@yopmail.com,Layla.Grobe@gmail.com,police officer,1948-08-10
553,Stevana,Burch,Stevana.Burch@yopmail.com,Stevana.Burch@gmail.com,doctor,1913-04-13
554,Ileana,Henebry,Ileana.Henebry@yopmail.com,Ileana.Henebry@gmail.com,doctor,1999-06-04
555,Lelah,Buckler,Lelah.Buckler@yopmail.com,Lelah.Buckler@gmail.com,worker,2012-05-20
556,Carolina,Primalia,Carolina.Primalia@yopmail.com,Carolina.Primalia@gmail.com,police officer,1985-04-26
557,Madelle,Raseda,Madelle.Raseda@yopmail.com,Madelle.Raseda@gmail.com,developer,1937-07-18
558,Pierette,Henrie,Pierette.Henrie@yopmail.com,Pierette.Henrie@gmail.com,doctor,1980-01-02
559,Ayn,Han,Ayn.Han@yopmail.com,Ayn.Han@gmail.com,police officer,1939-05-14
560,Ruthe,Bord,Ruthe.Bord@yopmail.com,Ruthe.Bord@gmail.com,firefighter,2014-09-27
561,Hallie,Connelly,Hallie.Connelly@yopmail.com,Hallie.Connelly@gmail.com,firefighter,1923-06-08
562,Annecorinne,Joeann,Annecorinne.Joeann@yopmail.com,Annecorinne.Joeann@gmail.com,police officer,1984-01-22
563,Elora,Guthrie,Elora.Guthrie@yopmail.com,Elora.Guthrie@gmail.com,firefighter,1904-12-01
564,Kaia,Guthrie,Kaia.Guthrie@yopmail.com,Kaia.Guthrie@gmail.com,police officer,1900-07-12
565,Tierney,Garbe,Tierney.Garbe@yopmail.com,Tierney.Garbe@gmail.com,worker,1949-01-21
566,Kristan,Cimbura,Kristan.Cimbura@yopmail.com,Kristan.Cimbura@gmail.com,developer,1997-05-04
567,Dari,Ulphia,Dari.Ulphia@yopmail.com,Dari.Ulphia@gmail.com,developer,1981-08-28
568,Charissa,Helfand,Charissa.Helfand@yopmail.com,Charissa.Helfand@gmail.com,police officer,1900-02-18
569,Alyda,Nickola,Alyda.Nickola@yopmail.com,Alyda.Nickola@gmail.com,developer,1921-06-11
570,Talya,Bultman,Talya.Bultman@yopmail.com,Talya.Bultman@gmail.com,police officer,1953-02-15
571,Ronna,Buckler,Ronna.Buckler@yopmail.com,Ronna.Buckler@gmail.com,doctor,1980-12-14
572,Orsola,Marsden,Orsola.Marsden@yopmail.com,Orsola.Marsden@gmail.com,developer,1953-07-12
573,Nataline,Oriana,Nataline.Oriana@yopmail.com,Nataline.Oriana@gmail.com,worker,1958-02-05
574,Luci,Xerxes,Luci.Xerxes@yopmail.com,Luci.Xerxes@gmail.com,police officer,1911-05-24
575,Cordi,Erminia,Cordi.Erminia@yopmail.com,Cordi.Erminia@gmail.com,firefighter,1940-05-02
576,Gavrielle,Garlinda,Gavrielle.Garlinda@yopmail.com,Gavrielle.Garlinda@gmail.com,police officer,2012-11-08
577,Zia,Nea,Zia.Nea@yopmail.com,Zia.Nea@gmail.com,police officer,1987-09-25
578,Cordi,Keelia,Cordi.Keelia@yopmail.com,Cordi.Keelia@gmail.com,firefighter,1973-02-18
579,Concettina,Smitt,Concettina.Smitt@yopmail.com,Concettina.Smitt@gmail.com,developer,1985-05-27
580,Gabi,Serilda,Gabi.Serilda@yopmail.com,Gabi.Serilda@gmail.com,firefighter,1930-01-05
581,Gusty,Brandice,Gusty.Brandice@yopmail.com,Gusty.Brandice@gmail.com,firefighter,1981-05-16
582,Thalia,Brittani,Thalia.Brittani@yopmail.com,Thalia.Brittani@gmail.com,firefighter,2001-08-09
583,Kamilah,Girardo,Kamilah.Girardo@yopmail.com,Kamilah.Girardo@gmail.com,firefighter,1990-04-03
584,Nicoli,Cosenza,Nicoli.Cosenza@yopmail.com,Nicoli.Cosenza@gmail.com,doctor,1958-02-02
585,Rosaline,Rillings,Rosaline.Rillings@yopmail.com,Rosaline.Rillings@gmail.com,worker,1942-06-13
586,Paulita,Vary,Paulita.Vary@yopmail.com,Paulita.Vary@gmail.com,police officer,1905-05-09
587,Lynnea,Adore,Lynnea.Adore@yopmail.com,Lynnea.Adore@gmail.com,doctor,2014-01-18
588,Courtnay,Saunderson,Courtnay.Saunderson@yopmail.com,Courtnay.Saunderson@gmail.com,worker,1958-04-18
589,Kara-Lynn,Allys,Kara-Lynn.Allys@yopmail.com,Kara-Lynn.Allys@gmail.com,doctor,1939-04-02
590,Beth,Ailyn,Beth.Ailyn@yopmail.com,Beth.Ailyn@gmail.com,police officer,1977-08-12
591,Dorice,Trey,Dorice.Trey@yopmail.com,Dorice.Trey@gmail.com,police officer,1948-08-11
592,Jaclyn,Payson,Jaclyn.Payson@yopmail.com,Jaclyn.Payson@gmail.com,firefighter,1992-06-24
593,Marleah,Stevy,Marleah.Stevy@yopmail.com,Marleah.Stevy@gmail.com,doctor,1958-12-11
594,Lonnie,Jillane,Lonnie.Jillane@yopmail.com,Lonnie.Jillane@gmail.com,developer,1995-04-28
595,Desirae,Anselmi,Desirae.Anselmi@yopmail.com,Desirae.Anselmi@gmail.com,worker,1905-02-12
596,Perry,Madelene,Perry.Madelene@yopmail.com,Perry.Madelene@gmail.com,firefighter,1937-05-13
597,Bobbi,Merell,Bobbi.Merell@yopmail.com,Bobbi.Merell@gmail.com,doctor,1913-05-31
598,Kirstin,Gordon,Kirstin.Gordon@yopmail.com,Kirstin.Gordon@gmail.com,firefighter,1954-06-07
599,Jany,Liva,Jany.Liva@yopmail.com,Jany.Liva@gmail.com,firefighter,1901-02-21
600,Gilligan,Wallis,Gilligan.Wallis@yopmail.com,Gilligan.Wallis@gmail.com,worker,1901-01-03
601,Karina,Jotham,Karina.Jotham@yopmail.com,Karina.Jotham@gmail.com,police officer,1945-05-18
602,Jany,Drus,Jany.Drus@yopmail.com,Jany.Drus@gmail.com,doctor,1937-12-14
603,Henriette,Heidt,Henriette.Heidt@yopmail.com,Henriette.Heidt@gmail.com,doctor,1934-07-18
604,Michaelina,Rhu,Michaelina.Rhu@yopmail.com,Michaelina.Rhu@gmail.com,police officer,1915-07-13
605,Harmonia,Kosey,Harmonia.Kosey@yopmail.com,Harmonia.Kosey@gmail.com,worker,1933-07-23
606,Mireielle,Sekofski,Mireielle.Sekofski@yopmail.com,Mireielle.Sekofski@gmail.com,police officer,1952-10-08
607,Robinia,Erich,Robinia.Erich@yopmail.com,Robinia.Erich@gmail.com,developer,1954-04-16
608,Therine,Publia,Therine.Publia@yopmail.com,Therine.Publia@gmail.com,doctor,1922-01-03
609,Joelly,Edee,Joelly.Edee@yopmail.com,Joelly.Edee@gmail.com,developer,1903-06-15
610,Kore,Ventre,Kore.Ventre@yopmail.com,Kore.Ventre@gmail.com,doctor,1918-08-05
611,Lynea,Torray,Lynea.Torray@yopmail.com,Lynea.Torray@gmail.com,police officer,1987-06-02
612,Joane,Kunin,Joane.Kunin@yopmail.com,Joane.Kunin@gmail.com,police officer,1957-09-30
613,Pierette,Hieronymus,Pierette.Hieronymus@yopmail.com,Pierette.Hieronymus@gmail.com,firefighter,1938-07-11
614,Carolina,Rheingold,Carolina.Rheingold@yopmail.com,Carolina.Rheingold@gmail.com,developer,1935-04-18
615,Tybie,Diann,Tybie.Diann@yopmail.com,Tybie.Diann@gmail.com,doctor,1927-05-19
616,Heddie,Tayib,Heddie.Tayib@yopmail.com,Heddie.Tayib@gmail.com,firefighter,1949-06-19
617,Cassandra,Zitvaa,Cassandra.Zitvaa@yopmail.com,Cassandra.Zitvaa@gmail.com,worker,1923-03-16
618,Genevra,Skurnik,Genevra.Skurnik@yopmail.com,Genevra.Skurnik@gmail.com,firefighter,1939-05-07
619,Philis,Hoenack,Philis.Hoenack@yopmail.com,Philis.Hoenack@gmail.com,firefighter,1951-12-31
620,Jacquetta,Boehike,Jacquetta.Boehike@yopmail.com,Jacquetta.Boehike@gmail.com,doctor,1999-12-12
621,Edyth,Yusuk,Edyth.Yusuk@yopmail.com,Edyth.Yusuk@gmail.com,firefighter,1983-11-01
622,Malina,Mayeda,Malina.Mayeda@yopmail.com,Malina.Mayeda@gmail.com,doctor,2005-06-22
623,Deloria,Bates,Deloria.Bates@yopmail.com,Deloria.Bates@gmail.com,police officer,1968-01-09
624,Elvira,Ulphia,Elvira.Ulphia@yopmail.com,Elvira.Ulphia@gmail.com,developer,1972-07-07
625,Darlleen,Blake,Darlleen.Blake@yopmail.com,Darlleen.Blake@gmail.com,developer,1950-01-05
626,Drucie,Hillel,Drucie.Hillel@yopmail.com,Drucie.Hillel@gmail.com,firefighter,1991-06-15
627,Dotty,Monk,Dotty.Monk@yopmail.com,Dotty.Monk@gmail.com,worker,1924-02-02
628,Fred,Mayeda,Fred.Mayeda@yopmail.com,Fred.Mayeda@gmail.com,developer,2000-07-28
629,Rosabelle,McAdams,Rosabelle.McAdams@yopmail.com,Rosabelle.McAdams@gmail.com,doctor,1998-10-05
630,Steffane,Kaete,Steffane.Kaete@yopmail.com,Steffane.Kaete@gmail.com,developer,1922-09-20
631,Carmela,Gillan,Carmela.Gillan@yopmail.com,Carmela.Gillan@gmail.com,doctor,1921-05-23
632,Miquela,Jefferey,Miquela.Jefferey@yopmail.com,Miquela.Jefferey@gmail.com,worker,1938-12-23
633,Danny,Ader,Danny.Ader@yopmail.com,Danny.Ader@gmail.com,police officer,1929-09-13
634,Melodie,Artie,Melodie.Artie@yopmail.com,Melodie.Artie@gmail.com,police officer,1968-12-01
635,Eve,Weinreb,Eve.Weinreb@yopmail.com,Eve.Weinreb@gmail.com,developer,1921-04-23
636,Vevay,Liva,Vevay.Liva@yopmail.com,Vevay.Liva@gmail.com,worker,1944-04-20
637,Dianemarie,Gaal,Dianemarie.Gaal@yopmail.com,Dianemarie.Gaal@gmail.com,worker,1941-02-05
638,Sam,Hunfredo,Sam.Hunfredo@yopmail.com,Sam.Hunfredo@gmail.com,firefighter,1955-04-02
639,Aaren,Sadowski,Aaren.Sadowski@yopmail.com,Aaren.Sadowski@gmail.com,developer,1981-11-18
640,Emmey,Egbert,Emmey.Egbert@yopmail.com,Emmey.Egbert@gmail.com,firefighter,1913-01-06
641,Patricia,Maples,Patricia.Maples@yopmail.com,Patricia.Maples@gmail.com,police officer,1923-02-03
642,Jobi,Parette,Jobi.Parette@yopmail.com,Jobi.Parette@gmail.com,doctor,1954-03-28
643,Tersina,Podvin,Tersina.Podvin@yopmail.com,Tersina.Podvin@gmail.com,doctor,1948-05-03
644,Leanna,Kesley,Leanna.Kesley@yopmail.com,Leanna.Kesley@gmail.com,developer,2011-08-12
645,Cathie,Kirbee,Cathie.Kirbee@yopmail.com,Cathie.Kirbee@gmail.com,doctor,1943-05-05
646,Aryn,Nickola,Aryn.Nickola@yopmail.com,Aryn.Nickola@gmail.com,developer,1923-08-27
647,Sonni,Egbert,Sonni.Egbert@yopmail.com,Sonni.Egbert@gmail.com,developer,1931-06-10
648,Angelique,Erskine,Angelique.Erskine@yopmail.com,Angelique.Erskine@gmail.com,firefighter,1930-03-25
649,Carmela,Destinee,Carmela.Destinee@yopmail.com,Carmela.Destinee@gmail.com,police officer,1933-03-09
650,Fredericka,Sekofski,Fredericka.Sekofski@yopmail.com,Fredericka.Sekofski@gmail.com,firefighter,2001-12-26
651,Calla,Craggie,Calla.Craggie@yopmail.com,Calla.Craggie@gmail.com,firefighter,1992-02-11
652,Yolane,Lilas,Yolane.Lilas@yopmail.com,Yolane.Lilas@gmail.com,worker,1978-10-21
653,Clo,Vorster,Clo.Vorster@yopmail.com,Clo.Vorster@gmail.com,developer,1907-06-10
654,Viki,Nerita,Viki.Nerita@yopmail.com,Viki.Nerita@gmail.com,doctor,1974-08-17
655,Dyann,Joeann,Dyann.Joeann@yopmail.com,Dyann.Joeann@gmail.com,doctor,1942-03-04
656,Carmela,Taam,Carmela.Taam@yopmail.com,Carmela.Taam@gmail.com,worker,1979-09-08
657,Robinia,Gladstone,Robinia.Gladstone@yopmail.com,Robinia.Gladstone@gmail.com,developer,1949-05-18
658,Amelia,Mike,Amelia.Mike@yopmail.com,Amelia.Mike@gmail.com,developer,1994-07-08
659,Charissa,Firmin,Charissa.Firmin@yopmail.com,Charissa.Firmin@gmail.com,worker,1938-01-10
660,Ursulina,Rustice,Ursulina.Rustice@yopmail.com,Ursulina.Rustice@gmail.com,firefighter,1910-12-26
661,Susan,Grimbly,Susan.Grimbly@yopmail.com,Susan.Grimbly@gmail.com,developer,1906-05-11
662,Yolane,Rugen,Yolane.Rugen@yopmail.com,Yolane.Rugen@gmail.com,firefighter,1987-01-06
663,Atlanta,Idelia,Atlanta.Idelia@yopmail.com,Atlanta.Idelia@gmail.com,firefighter,1979-05-22
664,Nickie,Anyah,Nickie.Anyah@yopmail.com,Nickie.Anyah@gmail.com,doctor,1996-03-28
665,Kristina,Lynn,Kristina.Lynn@yopmail.com,Kristina.Lynn@gmail.com,firefighter,1917-08-26
666,Caritta,Shirberg,Caritta.Shirberg@yopmail.com,Caritta.Shirberg@gmail.com,police officer,1977-03-21
667,Fawne,Yam,Fawne.Yam@yopmail.com,Fawne.Yam@gmail.com,developer,1950-02-14
668,Yolane,Charity,Yolane.Charity@yopmail.com,Yolane.Charity@gmail.com,worker,1911-06-16
669,Wileen,Matthew,Wileen.Matthew@yopmail.com,Wileen.Matthew@gmail.com,developer,1930-07-15
670,Alia,Septima,Alia.Septima@yopmail.com,Alia.Septima@gmail.com,firefighter,1993-03-27
671,Lenna,Gaal,Lenna.Gaal@yopmail.com,Lenna.Gaal@gmail.com,developer,1952-03-08
672,Alejandra,Cassius,Alejandra.Cassius@yopmail.com,Alejandra.Cassius@gmail.com,worker,1986-02-03
673,Aigneis,Niccolo,Aigneis.Niccolo@yopmail.com,Aigneis.Niccolo@gmail.com,developer,1945-02-02
674,Jorry,Hebner,Jorry.Hebner@yopmail.com,Jorry.Hebner@gmail.com,worker,1949-11-04
675,Katharina,Ivens,Katharina.Ivens@yopmail.com,Katharina.Ivens@gmail.com,police officer,1991-09-27
676,Karlee,Levey,Karlee.Levey@yopmail.com,Karlee.Levey@gmail.com,doctor,1929-11-18
677,Chloris,Chandler,Chloris.Chandler@yopmail.com,Chloris.Chandler@gmail.com,developer,2005-04-08
678,Deloria,Stuart,Deloria.Stuart@yopmail.com,Deloria.Stuart@gmail.com,worker,1941-04-02
679,Roxane,Diogenes,Roxane.Diogenes@yopmail.com,Roxane.Diogenes@gmail.com,worker,1925-02-11
680,Consuela,Anderea,Consuela.Anderea@yopmail.com,Consuela.Anderea@gmail.com,firefighter,1979-05-24
681,Aigneis,Uird,Aigneis.Uird@yopmail.com,Aigneis.Uird@gmail.com,police officer,1935-11-04
682,Glynnis,Stuart,Glynnis.Stuart@yopmail.com,Glynnis.Stuart@gmail.com,police officer,1923-10-28
683,June,Whiffen,June.Whiffen@yopmail.com,June.Whiffen@gmail.com,developer,1943-04-13
684,Odessa,Estella,Odessa.Estella@yopmail.com,Odessa.Estella@gmail.com,developer,2018-09-22
685,Stacey,Emanuel,Stacey.Emanuel@yopmail.com,Stacey.Emanuel@gmail.com,doctor,1977-07-25
686,Letizia,Susannah,Letizia.Susannah@yopmail.com,Letizia.Susannah@gmail.com,developer,1903-03-25
687,Giustina,Lenny,Giustina.Lenny@yopmail.com,Giustina.Lenny@gmail.com,developer,1905-10-16
688,Edyth,Croix,Edyth.Croix@yopmail.com,Edyth.Croix@gmail.com,firefighter,1922-03-03
689,Jorry,Gregrory,Jorry.Gregrory@yopmail.com,Jorry.Gregrory@gmail.com,firefighter,1901-11-13
690,Morganica,Hashim,Morganica.Hashim@yopmail.com,Morganica.Hashim@gmail.com,firefighter,1964-01-02
691,Louella,Taima,Louella.Taima@yopmail.com,Louella.Taima@gmail.com,police officer,1917-12-05
692,Yvonne,Katrine,Yvonne.Katrine@yopmail.com,Yvonne.Katrine@gmail.com,developer,2004-02-05
693,Jolyn,Jarib,Jolyn.Jarib@yopmail.com,Jolyn.Jarib@gmail.com,doctor,1937-03-06
694,Amelia,Madelene,Amelia.Madelene@yopmail.com,Amelia.Madelene@gmail.com,worker,1956-06-28
695,Mallory,Dorcy,Mallory.Dorcy@yopmail.com,Mallory.Dorcy@gmail.com,worker,1933-05-30
696,Lanna,Connelly,Lanna.Connelly@yopmail.com,Lanna.Connelly@gmail.com,police officer,2001-03-15
697,Imojean,Gwenore,Imojean.Gwenore@yopmail.com,Imojean.Gwenore@gmail.com,worker,1903-07-09
698,Dari,Toffic,Dari.Toffic@yopmail.com,Dari.Toffic@gmail.com,developer,1938-03-24
699,Kimmy,Frendel,Kimmy.Frendel@yopmail.com,Kimmy.Frendel@gmail.com,police officer,1995-12-28
700,Odessa,Bord,Odessa.Bord@yopmail.com,Odessa.Bord@gmail.com,worker,1984-03-08
701,Wendi,Bryna,Wendi.Bryna@yopmail.com,Wendi.Bryna@gmail.com,developer,1969-10-13
702,Clarice,Abbot,Clarice.Abbot@yopmail.com,Clarice.Abbot@gmail.com,firefighter,1930-07-23
703,Ashlee,Liva,Ashlee.Liva@yopmail.com,Ashlee.Liva@gmail.com,developer,1936-06-28
704,Jessy,Colleen,Jessy.Colleen@yopmail.com,Jessy.Colleen@gmail.com,developer,1943-01-19
705,Marjie,Jotham,Marjie.Jotham@yopmail.com,Marjie.Jotham@gmail.com,police officer,1997-10-28
706,Meghann,Tillford,Meghann.Tillford@yopmail.com,Meghann.Tillford@gmail.com,doctor,1990-11-30
707,Leeanne,Noelyn,Leeanne.Noelyn@yopmail.com,Leeanne.Noelyn@gmail.com,police officer,2016-02-05
708,Juliane,Brady,Juliane.Brady@yopmail.com,Juliane.Brady@gmail.com,doctor,1936-01-10
709,Rori,Raul,Rori.Raul@yopmail.com,Rori.Raul@gmail.com,doctor,1941-07-08
710,Aili,McCutcheon,Aili.McCutcheon@yopmail.com,Aili.McCutcheon@gmail.com,worker,1954-07-20
711,Christal,Trinetta,Christal.Trinetta@yopmail.com,Christal.Trinetta@gmail.com,doctor,1945-06-06
712,Tatiania,Bord,Tatiania.Bord@yopmail.com,Tatiania.Bord@gmail.com,developer,1999-05-26
713,Carol-Jean,Halla,Carol-Jean.Halla@yopmail.com,Carol-Jean.Halla@gmail.com,doctor,1914-10-27
714,Ardeen,Kunin,Ardeen.Kunin@yopmail.com,Ardeen.Kunin@gmail.com,worker,1922-01-21
715,Agathe,Ranjiv,Agathe.Ranjiv@yopmail.com,Agathe.Ranjiv@gmail.com,worker,1901-04-27
716,Shel,Cohdwell,Shel.Cohdwell@yopmail.com,Shel.Cohdwell@gmail.com,firefighter,1963-01-26
717,Moyna,Schalles,Moyna.Schalles@yopmail.com,Moyna.Schalles@gmail.com,doctor,1964-04-20
718,Jorry,Malina,Jorry.Malina@yopmail.com,Jorry.Malina@gmail.com,developer,1916-06-08
719,Ronna,Read,Ronna.Read@yopmail.com,Ronna.Read@gmail.com,police officer,1981-03-07
720,Lynea,Stuart,Lynea.Stuart@yopmail.com,Lynea.Stuart@gmail.com,worker,1964-04-07
721,Aurore,Harl,Aurore.Harl@yopmail.com,Aurore.Harl@gmail.com,worker,1915-06-04
722,Dacia,Corilla,Dacia.Corilla@yopmail.com,Dacia.Corilla@gmail.com,doctor,1971-09-29
723,Atlanta,Vorster,Atlanta.Vorster@yopmail.com,Atlanta.Vorster@gmail.com,developer,1929-08-07
724,Barbara,Avi,Barbara.Avi@yopmail.com,Barbara.Avi@gmail.com,police officer,1964-01-12
725,Mireielle,Odysseus,Mireielle.Odysseus@yopmail.com,Mireielle.Odysseus@gmail.com,developer,1982-02-22
726,Leeanne,Bettine,Leeanne.Bettine@yopmail.com,Leeanne.Bettine@gmail.com,firefighter,2007-04-20
727,Belinda,Morehouse,Belinda.Morehouse@yopmail.com,Belinda.Morehouse@gmail.com,worker,1935-04-07
728,Ana,Elephus,Ana.Elephus@yopmail.com,Ana.Elephus@gmail.com,doctor,1983-06-28
729,Darlleen,McGrody,Darlleen.McGrody@yopmail.com,Darlleen.McGrody@gmail.com,police officer,2017-07-21
730,Lucille,Urias,Lucille.Urias@yopmail.com,Lucille.Urias@gmail.com,doctor,1974-01-03
731,Norine,Iiette,Norine.Iiette@yopmail.com,Norine.Iiette@gmail.com,police officer,1989-01-24
732,Barbi,Jerold,Barbi.Jerold@yopmail.com,Barbi.Jerold@gmail.com,police officer,1910-04-25
733,Lonnie,Wilkinson,Lonnie.Wilkinson@yopmail.com,Lonnie.Wilkinson@gmail.com,doctor,1922-12-10
734,Belva,Jess,Belva.Jess@yopmail.com,Belva.Jess@gmail.com,worker,1984-07-31
735,Thalia,Wenoa,Thalia.Wenoa@yopmail.com,Thalia.Wenoa@gmail.com,developer,1918-04-03
736,Ethel,Mullane,Ethel.Mullane@yopmail.com,Ethel.Mullane@gmail.com,doctor,2007-09-18
737,Florie,Cottle,Florie.Cottle@yopmail.com,Florie.Cottle@gmail.com,doctor,1934-09-22
738,Olivette,Casimir,Olivette.Casimir@yopmail.com,Olivette.Casimir@gmail.com,firefighter,1900-02-21
739,Chandra,Calhoun,Chandra.Calhoun@yopmail.com,Chandra.Calhoun@gmail.com,doctor,2006-07-16
740,Brietta,Hessler,Brietta.Hessler@yopmail.com,Brietta.Hessler@gmail.com,police officer,1941-03-05
741,Kristina,Jefferey,Kristina.Jefferey@yopmail.com,Kristina.Jefferey@gmail.com,firefighter,1917-09-13
742,Ileana,Bluh,Ileana.Bluh@yopmail.com,Ileana.Bluh@gmail.com,police officer,1982-04-26
743,Emilia,Wu,Emilia.Wu@yopmail.com,Emilia.Wu@gmail.com,police officer,1946-01-15
744,Mellicent,Simmonds,Mellicent.Simmonds@yopmail.com,Mellicent.Simmonds@gmail.com,worker,1950-02-11
745,Fina,Muriel,Fina.Muriel@yopmail.com,Fina.Muriel@gmail.com,doctor,2003-12-27
746,Andree,Birdella,Andree.Birdella@yopmail.com,Andree.Birdella@gmail.com,worker,1920-06-19
747,Nanete,Chapland,Nanete.Chapland@yopmail.com,Nanete.Chapland@gmail.com,worker,1986-12-01
748,Ingrid,Pettiford,Ingrid.Pettiford@yopmail.com,Ingrid.Pettiford@gmail.com,firefighter,1997-05-23
749,Consuela,Israeli,Consuela.Israeli@yopmail.com,Consuela.Israeli@gmail.com,police officer,1932-05-12
750,Ilse,Zuzana,Ilse.Zuzana@yopmail.com,Ilse.Zuzana@gmail.com,developer,1990-09-10
751,Queenie,Ahab,Queenie.Ahab@yopmail.com,Queenie.Ahab@gmail.com,doctor,1934-10-30
752,Phylis,Fiann,Phylis.Fiann@yopmail.com,Phylis.Fiann@gmail.com,police officer,1902-10-15
753,Linzy,Cutlerr,Linzy.Cutlerr@yopmail.com,Linzy.Cutlerr@gmail.com,developer,1918-02-13
754,Beatriz,Dex,Beatriz.Dex@yopmail.com,Beatriz.Dex@gmail.com,developer,1902-08-14
755,Ingrid,Gaspard,Ingrid.Gaspard@yopmail.com,Ingrid.Gaspard@gmail.com,firefighter,1995-06-20
756,Andeee,August,Andeee.August@yopmail.com,Andeee.August@gmail.com,developer,1923-11-07
757,Trudie,Mintz,Trudie.Mintz@yopmail.com,Trudie.Mintz@gmail.com,developer,2019-01-08
758,Jessy,Connelly,Jessy.Connelly@yopmail.com,Jessy.Connelly@gmail.com,developer,1960-12-20
759,Kenna,Rosalba,Kenna.Rosalba@yopmail.com,Kenna.Rosalba@gmail.com,firefighter,1945-10-14
760,Bee,Teddman,Bee.Teddman@yopmail.com,Bee.Teddman@gmail.com,worker,1918-07-09
761,Alameda,Urias,Alameda.Urias@yopmail.com,Alameda.Urias@gmail.com,firefighter,1935-05-27
762,Dacia,Ochs,Dacia.Ochs@yopmail.com,Dacia.Ochs@gmail.com,firefighter,1997-04-18
763,Lucy,Candy,Lucy.Candy@yopmail.com,Lucy.Candy@gmail.com,worker,2007-05-21
764,Talya,Federica,Talya.Federica@yopmail.com,Talya.Federica@gmail.com,firefighter,2002-07-07
765,Grier,Fink,Grier.Fink@yopmail.com,Grier.Fink@gmail.com,worker,1913-02-09
766,Libbie,Howlyn,Libbie.Howlyn@yopmail.com,Libbie.Howlyn@gmail.com,developer,1932-01-23
767,Annora,Germann,Annora.Germann@yopmail.com,Annora.Germann@gmail.com,firefighter,1933-07-16
768,Kenna,Virgin,Kenna.Virgin@yopmail.com,Kenna.Virgin@gmail.com,doctor,1971-12-12
769,Wilma,Hailee,Wilma.Hailee@yopmail.com,Wilma.Hailee@gmail.com,developer,1935-10-10
770,Joane,Brandice,Joane.Brandice@yopmail.com,Joane.Brandice@gmail.com,developer,1927-05-12
771,Joceline,Toffic,Joceline.Toffic@yopmail.com,Joceline.Toffic@gmail.com,developer,1980-11-19
772,Annice,Cordi,Annice.Cordi@yopmail.com,Annice.Cordi@gmail.com,doctor,1911-05-24
773,Gilda,Trace,Gilda.Trace@yopmail.com,Gilda.Trace@gmail.com,worker,1994-04-15
774,Quintina,Giff,Quintina.Giff@yopmail.com,Quintina.Giff@gmail.com,developer,1900-04-22
775,Camile,Delp,Camile.Delp@yopmail.com,Camile.Delp@gmail.com,firefighter,1965-06-24
776,Marcy,Parette,Marcy.Parette@yopmail.com,Marcy.Parette@gmail.com,firefighter,1915-06-14
777,Alexine,Fitzsimmons,Alexine.Fitzsimmons@yopmail.com,Alexine.Fitzsimmons@gmail.com,firefighter,1966-09-21
778,Ericka,Hewitt,Ericka.Hewitt@yopmail.com,Ericka.Hewitt@gmail.com,firefighter,2015-07-23
779,Correy,Ammann,Correy.Ammann@yopmail.com,Correy.Ammann@gmail.com,worker,1964-05-10
780,Aeriela,Wildermuth,Aeriela.Wildermuth@yopmail.com,Aeriela.Wildermuth@gmail.com,developer,1908-12-14
781,Gerrie,Toor,Gerrie.Toor@yopmail.com,Gerrie.Toor@gmail.com,police officer,2012-08-19
782,Gianina,Ajay,Gianina.Ajay@yopmail.com,Gianina.Ajay@gmail.com,doctor,2017-06-24
783,Basia,Dulciana,Basia.Dulciana@yopmail.com,Basia.Dulciana@gmail.com,firefighter,1946-08-21
784,Aili,Deegan,Aili.Deegan@yopmail.com,Aili.Deegan@gmail.com,firefighter,1917-06-02
785,Tressa,Monk,Tressa.Monk@yopmail.com,Tressa.Monk@gmail.com,firefighter,2015-08-03
786,Almeta,Orlene,Almeta.Orlene@yopmail.com,Almeta.Orlene@gmail.com,developer,1921-07-08
787,Layla,Ovid,Layla.Ovid@yopmail.com,Layla.Ovid@gmail.com,worker,1931-12-31
788,Gwyneth,Bonilla,Gwyneth.Bonilla@yopmail.com,Gwyneth.Bonilla@gmail.com,firefighter,2018-04-05
789,Jenilee,Gaal,Jenilee.Gaal@yopmail.com,Jenilee.Gaal@gmail.com,worker,1996-10-23
790,Winifred,Alejoa,Winifred.Alejoa@yopmail.com,Winifred.Alejoa@gmail.com,developer,1984-05-11
791,Alisha,Nester,Alisha.Nester@yopmail.com,Alisha.Nester@gmail.com,worker,1947-12-05
792,Raf,Yusuk,Raf.Yusuk@yopmail.com,Raf.Yusuk@gmail.com,developer,1999-03-29
793,Renie,Kesley,Renie.Kesley@yopmail.com,Renie.Kesley@gmail.com,developer,1905-01-06
794,Maisey,Ogren,Maisey.Ogren@yopmail.com,Maisey.Ogren@gmail.com,worker,1984-07-09
795,Evaleen,Gerge,Evaleen.Gerge@yopmail.com,Evaleen.Gerge@gmail.com,police officer,1995-12-11
796,Arlina,Kevon,Arlina.Kevon@yopmail.com,Arlina.Kevon@gmail.com,doctor,1903-04-07
797,Julieta,Artie,Julieta.Artie@yopmail.com,Julieta.Artie@gmail.com,developer,2016-04-01
798,Veda,Wilkinson,Veda.Wilkinson@yopmail.com,Veda.Wilkinson@gmail.com,worker,1910-01-19
799,Cherrita,Annice,Cherrita.Annice@yopmail.com,Cherrita.Annice@gmail.com,police officer,1936-10-26
800,Lenna,Thilda,Lenna.Thilda@yopmail.com,Lenna.Thilda@gmail.com,developer,1941-06-01
801,Carmela,Elisha,Carmela.Elisha@yopmail.com,Carmela.Elisha@gmail.com,doctor,1933-03-08
802,Ninnetta,Dielu,Ninnetta.Dielu@yopmail.com,Ninnetta.Dielu@gmail.com,developer,1979-02-02
803,Clo,Matthew,Clo.Matthew@yopmail.com,Clo.Matthew@gmail.com,worker,1955-11-05
804,Sheelagh,Swigart,Sheelagh.Swigart@yopmail.com,Sheelagh.Swigart@gmail.com,firefighter,1991-11-05
805,Evita,Matthew,Evita.Matthew@yopmail.com,Evita.Matthew@gmail.com,developer,1966-07-31
806,Farrah,Vivle,Farrah.Vivle@yopmail.com,Farrah.Vivle@gmail.com,developer,1921-03-27
807,Aeriela,Florina,Aeriela.Florina@yopmail.com,Aeriela.Florina@gmail.com,police officer,1902-05-13
808,Hallie,Diann,Hallie.Diann@yopmail.com,Hallie.Diann@gmail.com,developer,1903-01-06
809,Marnia,Gaynor,Marnia.Gaynor@yopmail.com,Marnia.Gaynor@gmail.com,worker,1912-09-29
810,Ann-Marie,Autrey,Ann-Marie.Autrey@yopmail.com,Ann-Marie.Autrey@gmail.com,police officer,1972-10-13
811,Alia,Tomasina,Alia.Tomasina@yopmail.com,Alia.Tomasina@gmail.com,doctor,1957-12-27
812,Larine,Neils,Larine.Neils@yopmail.com,Larine.Neils@gmail.com,developer,1927-08-29
813,Celestyna,Janith,Celestyna.Janith@yopmail.com,Celestyna.Janith@gmail.com,doctor,1969-05-19
814,Iseabal,Jethro,Iseabal.Jethro@yopmail.com,Iseabal.Jethro@gmail.com,police officer,1977-04-01
815,Hermione,Roumell,Hermione.Roumell@yopmail.com,Hermione.Roumell@gmail.com,police officer,1912-12-30
816,Diena,Mayeda,Diena.Mayeda@yopmail.com,Diena.Mayeda@gmail.com,firefighter,1918-07-04
817,Cassandra,Paine,Cassandra.Paine@yopmail.com,Cassandra.Paine@gmail.com,doctor,1991-05-09
818,Viki,Jillane,Viki.Jillane@yopmail.com,Viki.Jillane@gmail.com,developer,1913-02-25
819,Elmira,Sinegold,Elmira.Sinegold@yopmail.com,Elmira.Sinegold@gmail.com,firefighter,2017-11-09
820,Nerta,Giff,Nerta.Giff@yopmail.com,Nerta.Giff@gmail.com,firefighter,1903-08-07
821,Caressa,Solitta,Caressa.Solitta@yopmail.com,Caressa.Solitta@gmail.com,worker,1939-01-26
822,Kassey,Devlen,Kassey.Devlen@yopmail.com,Kassey.Devlen@gmail.com,worker,1933-01-07
823,Konstance,Ricki,Konstance.Ricki@yopmail.com,Konstance.Ricki@gmail.com,worker,1958-11-30
824,Micheline,Nickola,Micheline.Nickola@yopmail.com,Micheline.Nickola@gmail.com,police officer,1956-08-03
825,Elena,Linehan,Elena.Linehan@yopmail.com,Elena.Linehan@gmail.com,developer,1902-09-08
826,Annora,Mozelle,Annora.Mozelle@yopmail.com,Annora.Mozelle@gmail.com,police officer,1990-06-30
827,Jacenta,Huggins,Jacenta.Huggins@yopmail.com,Jacenta.Huggins@gmail.com,developer,1981-12-29
828,Priscilla,McCutcheon,Priscilla.McCutcheon@yopmail.com,Priscilla.McCutcheon@gmail.com,worker,1956-11-01
829,Livvyy,Demitria,Livvyy.Demitria@yopmail.com,Livvyy.Demitria@gmail.com,worker,1997-10-25
830,Genevra,Zeeba,Genevra.Zeeba@yopmail.com,Genevra.Zeeba@gmail.com,worker,1938-03-22
831,Kate,Herrera,Kate.Herrera@yopmail.com,Kate.Herrera@gmail.com,worker,1952-10-25
832,Perry,Autrey,Perry.Autrey@yopmail.com,Perry.Autrey@gmail.com,police officer,1928-12-11
833,Magdalena,Casimir,Magdalena.Casimir@yopmail.com,Magdalena.Casimir@gmail.com,doctor,1954-05-12
834,Jackie,Sidonius,Jackie.Sidonius@yopmail.com,Jackie.Sidonius@gmail.com,firefighter,1965-11-11
835,Calla,Ricarda,Calla.Ricarda@yopmail.com,Calla.Ricarda@gmail.com,developer,1974-07-25
836,Belva,Karl,Belva.Karl@yopmail.com,Belva.Karl@gmail.com,worker,1967-12-22
837,Ninnetta,Granoff,Ninnetta.Granoff@yopmail.com,Ninnetta.Granoff@gmail.com,police officer,2013-04-24
838,Orsola,Zeeba,Orsola.Zeeba@yopmail.com,Orsola.Zeeba@gmail.com,police officer,1931-12-20
839,Loree,Schwejda,Loree.Schwejda@yopmail.com,Loree.Schwejda@gmail.com,doctor,1958-02-25
840,Fawne,Bonucci,Fawne.Bonucci@yopmail.com,Fawne.Bonucci@gmail.com,police officer,1983-09-21
841,Shel,Martsen,Shel.Martsen@yopmail.com,Shel.Martsen@gmail.com,developer,1901-05-05
842,Edee,Reidar,Edee.Reidar@yopmail.com,Edee.Reidar@gmail.com,worker,1915-06-12
843,Edee,Doig,Edee.Doig@yopmail.com,Edee.Doig@gmail.com,police officer,1950-06-17
844,Tomasina,Marisa,Tomasina.Marisa@yopmail.com,Tomasina.Marisa@gmail.com,doctor,2001-05-11
845,Peri,Stav,Peri.Stav@yopmail.com,Peri.Stav@gmail.com,worker,1908-05-15
846,Carol-Jean,Warthman,Carol-Jean.Warthman@yopmail.com,Carol-Jean.Warthman@gmail.com,firefighter,2000-09-18
847,Roxane,Publia,Roxane.Publia@yopmail.com,Roxane.Publia@gmail.com,police officer,2007-06-09
848,Gertrud,Anastatius,Gertrud.Anastatius@yopmail.com,Gertrud.Anastatius@gmail.com,developer,1953-02-19
849,Aeriela,Ammann,Aeriela.Ammann@yopmail.com,Aeriela.Ammann@gmail.com,worker,1981-01-19
850,Dorothy,Jacqui,Dorothy.Jacqui@yopmail.com,Dorothy.Jacqui@gmail.com,developer,2014-12-27
851,Elyssa,Harriman,Elyssa.Harriman@yopmail.com,Elyssa.Harriman@gmail.com,worker,1904-11-03
852,Riannon,Brenn,Riannon.Brenn@yopmail.com,Riannon.Brenn@gmail.com,doctor,1991-12-26
853,Lucy,Dielu,Lucy.Dielu@yopmail.com,Lucy.Dielu@gmail.com,doctor,2017-09-03
854,Almeta,Ralfston,Almeta.Ralfston@yopmail.com,Almeta.Ralfston@gmail.com,firefighter,1965-02-17
855,Patricia,Cleo,Patricia.Cleo@yopmail.com,Patricia.Cleo@gmail.com,worker,2016-10-07
856,Emilia,Garrison,Emilia.Garrison@yopmail.com,Emilia.Garrison@gmail.com,doctor,1956-06-14
857,June,Simmonds,June.Simmonds@yopmail.com,June.Simmonds@gmail.com,developer,1962-03-27
858,Aubrie,Leary,Aubrie.Leary@yopmail.com,Aubrie.Leary@gmail.com,developer,2013-10-11
859,Mamie,Tice,Mamie.Tice@yopmail.com,Mamie.Tice@gmail.com,police officer,2002-02-26
860,Oona,Even,Oona.Even@yopmail.com,Oona.Even@gmail.com,police officer,1932-03-17
861,Rozele,Wind,Rozele.Wind@yopmail.com,Rozele.Wind@gmail.com,police officer,1946-03-31
862,Betta,Sasnett,Betta.Sasnett@yopmail.com,Betta.Sasnett@gmail.com,police officer,1972-04-29
863,Minda,Ioab,Minda.Ioab@yopmail.com,Minda.Ioab@gmail.com,firefighter,1924-12-13
864,Elka,Jerold,Elka.Jerold@yopmail.com,Elka.Jerold@gmail.com,worker,2009-06-05
865,Molli,Zina,Molli.Zina@yopmail.com,Molli.Zina@gmail.com,developer,1924-04-01
866,Hannis,Pattin,Hannis.Pattin@yopmail.com,Hannis.Pattin@gmail.com,firefighter,1967-06-03
867,Carmencita,Bouchard,Carmencita.Bouchard@yopmail.com,Carmencita.Bouchard@gmail.com,police officer,2012-12-19
868,Corry,Yuille,Corry.Yuille@yopmail.com,Corry.Yuille@gmail.com,developer,1903-11-20
869,Kaia,Lay,Kaia.Lay@yopmail.com,Kaia.Lay@gmail.com,police officer,1937-11-12
870,Leona,Hilbert,Leona.Hilbert@yopmail.com,Leona.Hilbert@gmail.com,firefighter,2006-09-17
871,Ivett,Henebry,Ivett.Henebry@yopmail.com,Ivett.Henebry@gmail.com,doctor,1913-11-23
872,Kary,Seessel,Kary.Seessel@yopmail.com,Kary.Seessel@gmail.com,worker,1946-09-23
873,Fernande,Giule,Fernande.Giule@yopmail.com,Fernande.Giule@gmail.com,worker,2017-06-05
874,Leontine,Berard,Leontine.Berard@yopmail.com,Leontine.Berard@gmail.com,firefighter,1953-04-24
875,Rayna,Corilla,Rayna.Corilla@yopmail.com,Rayna.Corilla@gmail.com,developer,1914-03-03
876,Britni,McAdams,Britni.McAdams@yopmail.com,Britni.McAdams@gmail.com,firefighter,2011-02-23
877,Basia,Esmaria,Basia.Esmaria@yopmail.com,Basia.Esmaria@gmail.com,police officer,1966-07-25
878,Paule,Daniele,Paule.Daniele@yopmail.com,Paule.Daniele@gmail.com,doctor,1946-03-06
879,Andree,Malanie,Andree.Malanie@yopmail.com,Andree.Malanie@gmail.com,firefighter,1907-07-20
880,Atlanta,Wenda,Atlanta.Wenda@yopmail.com,Atlanta.Wenda@gmail.com,police officer,1904-06-11
881,Tabbatha,Juliet,Tabbatha.Juliet@yopmail.com,Tabbatha.Juliet@gmail.com,firefighter,1920-09-11
882,Roseline,Payson,Roseline.Payson@yopmail.com,Roseline.Payson@gmail.com,worker,1968-07-31
883,Kirbee,Bouchard,Kirbee.Bouchard@yopmail.com,Kirbee.Bouchard@gmail.com,firefighter,1982-11-13
884,Kenna,Neva,Kenna.Neva@yopmail.com,Kenna.Neva@gmail.com,developer,1924-08-19
885,Ethel,Eckblad,Ethel.Eckblad@yopmail.com,Ethel.Eckblad@gmail.com,firefighter,1910-05-11
886,Zaria,Westphal,Zaria.Westphal@yopmail.com,Zaria.Westphal@gmail.com,doctor,1971-07-27
887,Vanessa,Billye,Vanessa.Billye@yopmail.com,Vanessa.Billye@gmail.com,worker,1940-07-03
888,Melanie,Hubert,Melanie.Hubert@yopmail.com,Melanie.Hubert@gmail.com,worker,1932-11-21
889,Emelina,Alrich,Emelina.Alrich@yopmail.com,Emelina.Alrich@gmail.com,doctor,2008-12-03
890,Ethel,Paton,Ethel.Paton@yopmail.com,Ethel.Paton@gmail.com,doctor,1912-09-05
891,Bernardine,Niles,Bernardine.Niles@yopmail.com,Bernardine.Niles@gmail.com,doctor,1974-02-21
892,Lorenza,Charity,Lorenza.Charity@yopmail.com,Lorenza.Charity@gmail.com,worker,2013-08-17
893,Bertine,Dudley,Bertine.Dudley@yopmail.com,Bertine.Dudley@gmail.com,worker,1938-07-23
894,Talya,Hartnett,Talya.Hartnett@yopmail.com,Talya.Hartnett@gmail.com,developer,1950-03-04
895,Elyssa,Mandler,Elyssa.Mandler@yopmail.com,Elyssa.Mandler@gmail.com,worker,1986-07-19
896,Vonny,Love,Vonny.Love@yopmail.com,Vonny.Love@gmail.com,police officer,1914-02-07
897,Lexine,Willie,Lexine.Willie@yopmail.com,Lexine.Willie@gmail.com,doctor,1978-04-20
898,Sherrie,Grosz,Sherrie.Grosz@yopmail.com,Sherrie.Grosz@gmail.com,police officer,1934-05-01
899,Hildegaard,Wareing,Hildegaard.Wareing@yopmail.com,Hildegaard.Wareing@gmail.com,worker,1987-05-03
900,Trudie,Deny,Trudie.Deny@yopmail.com,Trudie.Deny@gmail.com,developer,2006-11-21
901,Emma,Dearborn,Emma.Dearborn@yopmail.com,Emma.Dearborn@gmail.com,firefighter,1925-02-09
902,Katleen,Karl,Katleen.Karl@yopmail.com,Katleen.Karl@gmail.com,worker,1901-08-11
903,Marjie,Dearborn,Marjie.Dearborn@yopmail.com,Marjie.Dearborn@gmail.com,firefighter,1944-08-06
904,Benita,Cordi,Benita.Cordi@yopmail.com,Benita.Cordi@gmail.com,firefighter,1916-07-31
905,Louella,Sperling,Louella.Sperling@yopmail.com,Louella.Sperling@gmail.com,developer,1938-09-10
906,Ketti,Lemuela,Ketti.Lemuela@yopmail.com,Ketti.Lemuela@gmail.com,developer,1934-04-07
907,Cacilie,Bryna,Cacilie.Bryna@yopmail.com,Cacilie.Bryna@gmail.com,doctor,1903-10-03
908,Dulcinea,Capello,Dulcinea.Capello@yopmail.com,Dulcinea.Capello@gmail.com,firefighter,1973-03-11
909,Neila,Travax,Neila.Travax@yopmail.com,Neila.Travax@gmail.com,developer,1928-06-06
910,Merry,Wilkinson,Merry.Wilkinson@yopmail.com,Merry.Wilkinson@gmail.com,doctor,1900-02-02
911,Kerrin,Oneida,Kerrin.Oneida@yopmail.com,Kerrin.Oneida@gmail.com,worker,1974-08-15
912,Arabel,Susannah,Arabel.Susannah@yopmail.com,Arabel.Susannah@gmail.com,police officer,1997-12-09
913,Eadie,Carolin,Eadie.Carolin@yopmail.com,Eadie.Carolin@gmail.com,doctor,1969-07-08
914,Queenie,Fiann,Queenie.Fiann@yopmail.com,Queenie.Fiann@gmail.com,police officer,2019-01-29
915,Blinni,Allina,Blinni.Allina@yopmail.com,Blinni.Allina@gmail.com,police officer,1943-01-17
916,Kristina,Pandolfi,Kristina.Pandolfi@yopmail.com,Kristina.Pandolfi@gmail.com,worker,1993-01-08
917,Lelah,Moseley,Lelah.Moseley@yopmail.com,Lelah.Moseley@gmail.com,doctor,1964-10-23
918,Gusty,Alcott,Gusty.Alcott@yopmail.com,Gusty.Alcott@gmail.com,developer,1979-02-16
919,Georgina,Jerold,Georgina.Jerold@yopmail.com,Georgina.Jerold@gmail.com,worker,1995-01-04
920,Sashenka,Erminia,Sashenka.Erminia@yopmail.com,Sashenka.Erminia@gmail.com,firefighter,1972-06-22
921,Shannah,Jethro,Shannah.Jethro@yopmail.com,Shannah.Jethro@gmail.com,developer,1908-06-06
922,Maud,Carbo,Maud.Carbo@yopmail.com,Maud.Carbo@gmail.com,police officer,1948-08-29
923,Emmey,Wilona,Emmey.Wilona@yopmail.com,Emmey.Wilona@gmail.com,worker,1923-11-10
924,Keelia,Valerio,Keelia.Valerio@yopmail.com,Keelia.Valerio@gmail.com,doctor,1961-10-17
925,Consuela,Sophronia,Consuela.Sophronia@yopmail.com,Consuela.Sophronia@gmail.com,worker,1913-06-22
926,Nariko,Vittoria,Nariko.Vittoria@yopmail.com,Nariko.Vittoria@gmail.com,worker,1913-06-03
927,Tamqrah,Eiser,Tamqrah.Eiser@yopmail.com,Tamqrah.Eiser@gmail.com,developer,1934-03-20
928,Collen,Hanleigh,Collen.Hanleigh@yopmail.com,Collen.Hanleigh@gmail.com,developer,1903-08-29
929,Joelly,Adamsen,Joelly.Adamsen@yopmail.com,Joelly.Adamsen@gmail.com,police officer,1996-01-28
930,Natka,Bohlin,Natka.Bohlin@yopmail.com,Natka.Bohlin@gmail.com,police officer,1992-05-17
931,Annecorinne,Sacken,Annecorinne.Sacken@yopmail.com,Annecorinne.Sacken@gmail.com,police officer,1973-11-10
932,Verla,Maisey,Verla.Maisey@yopmail.com,Verla.Maisey@gmail.com,police officer,1963-09-04
933,Steffane,Rogerio,Steffane.Rogerio@yopmail.com,Steffane.Rogerio@gmail.com,doctor,1946-10-22
934,Florie,Syd,Florie.Syd@yopmail.com,Florie.Syd@gmail.com,police officer,2012-10-04
935,Bee,Taima,Bee.Taima@yopmail.com,Bee.Taima@gmail.com,police officer,1964-03-30
936,Clarice,Emmaline,Clarice.Emmaline@yopmail.com,Clarice.Emmaline@gmail.com,developer,1973-06-23
937,Jacquetta,Kesley,Jacquetta.Kesley@yopmail.com,Jacquetta.Kesley@gmail.com,developer,2014-04-13
938,Kylynn,Tatianas,Kylynn.Tatianas@yopmail.com,Kylynn.Tatianas@gmail.com,doctor,1912-12-13
939,Lory,Brittani,Lory.Brittani@yopmail.com,Lory.Brittani@gmail.com,doctor,1927-07-03
940,Cherrita,Dorothy,Cherrita.Dorothy@yopmail.com,Cherrita.Dorothy@gmail.com,developer,1942-02-15
941,Ketti,Nisbet,Ketti.Nisbet@yopmail.com,Ketti.Nisbet@gmail.com,police officer,1922-10-08
942,Kial,Sherfield,Kial.Sherfield@yopmail.com,Kial.Sherfield@gmail.com,worker,1902-08-07
943,Anica,Poll,Anica.Poll@yopmail.com,Anica.Poll@gmail.com,doctor,1942-03-14
944,Ileana,Leary,Ileana.Leary@yopmail.com,Ileana.Leary@gmail.com,doctor,1907-05-15
945,Ermengarde,Publia,Ermengarde.Publia@yopmail.com,Ermengarde.Publia@gmail.com,doctor,1950-04-01
946,Helsa,Hieronymus,Helsa.Hieronymus@yopmail.com,Helsa.Hieronymus@gmail.com,police officer,1915-09-04
947,Rochette,Artie,Rochette.Artie@yopmail.com,Rochette.Artie@gmail.com,firefighter,1977-11-27
948,Jerry,Hull,Jerry.Hull@yopmail.com,Jerry.Hull@gmail.com,doctor,1920-06-16
949,Doro,Leler,Doro.Leler@yopmail.com,Doro.Leler@gmail.com,developer,1993-04-21
950,Xylina,Thilda,Xylina.Thilda@yopmail.com,Xylina.Thilda@gmail.com,police officer,1932-03-04
951,Donetta,Gaynor,Donetta.Gaynor@yopmail.com,Donetta.Gaynor@gmail.com,doctor,1918-08-01
952,Merle,Clarissa,Merle.Clarissa@yopmail.com,Merle.Clarissa@gmail.com,developer,2009-06-11
953,Trixi,Marlie,Trixi.Marlie@yopmail.com,Trixi.Marlie@gmail.com,firefighter,1969-06-12
954,Lelah,Fiann,Lelah.Fiann@yopmail.com,Lelah.Fiann@gmail.com,worker,2004-01-27
955,Latisha,Carolin,Latisha.Carolin@yopmail.com,Latisha.Carolin@gmail.com,firefighter,1902-04-06
956,Adele,Laurianne,Adele.Laurianne@yopmail.com,Adele.Laurianne@gmail.com,doctor,2008-10-29
957,Leeanne,Othilia,Leeanne.Othilia@yopmail.com,Leeanne.Othilia@gmail.com,firefighter,1922-03-17
958,Leia,Yuille,Leia.Yuille@yopmail.com,Leia.Yuille@gmail.com,developer,1934-05-21
959,Nelle,Grosz,Nelle.Grosz@yopmail.com,Nelle.Grosz@gmail.com,firefighter,1937-03-04
960,Merry,Garek,Merry.Garek@yopmail.com,Merry.Garek@gmail.com,firefighter,1972-08-07
961,Ekaterina,Woodberry,Ekaterina.Woodberry@yopmail.com,Ekaterina.Woodberry@gmail.com,worker,1903-05-19
962,Allyce,Hedve,Allyce.Hedve@yopmail.com,Allyce.Hedve@gmail.com,worker,1942-09-16
963,Edith,Naashom,Edith.Naashom@yopmail.com,Edith.Naashom@gmail.com,worker,1951-07-05
964,Lulita,Reinke,Lulita.Reinke@yopmail.com,Lulita.Reinke@gmail.com,developer,1928-08-11
965,Vanessa,Sammons,Vanessa.Sammons@yopmail.com,Vanessa.Sammons@gmail.com,worker,1940-07-25
966,Reeba,Janene,Reeba.Janene@yopmail.com,Reeba.Janene@gmail.com,firefighter,1921-05-30
967,Grier,Salchunas,Grier.Salchunas@yopmail.com,Grier.Salchunas@gmail.com,police officer,2018-11-01
968,Kathi,Trace,Kathi.Trace@yopmail.com,Kathi.Trace@gmail.com,worker,1963-12-06
969,Dorthy,Nance,Dorthy.Nance@yopmail.com,Dorthy.Nance@gmail.com,firefighter,1985-06-05
970,Tani,Janith,Tani.Janith@yopmail.com,Tani.Janith@gmail.com,worker,1906-03-13
971,Kenna,Garrison,Kenna.Garrison@yopmail.com,Kenna.Garrison@gmail.com,doctor,1973-04-12
972,Devina,Gahl,Devina.Gahl@yopmail.com,Devina.Gahl@gmail.com,firefighter,1969-06-16
973,Olivette,Georgy,Olivette.Georgy@yopmail.com,Olivette.Georgy@gmail.com,police officer,1952-10-18
974,Alejandra,Cynar,Alejandra.Cynar@yopmail.com,Alejandra.Cynar@gmail.com,worker,1908-10-10
975,Lauryn,Phyllis,Lauryn.Phyllis@yopmail.com,Lauryn.Phyllis@gmail.com,firefighter,1968-12-18
976,Wynne,Sacken,Wynne.Sacken@yopmail.com,Wynne.Sacken@gmail.com,police officer,1947-03-07
977,Roxane,Emerson,Roxane.Emerson@yopmail.com,Roxane.Emerson@gmail.com,doctor,1991-01-10
978,Wanda,Merell,Wanda.Merell@yopmail.com,Wanda.Merell@gmail.com,doctor,2007-03-13
979,Demetris,Janith,Demetris.Janith@yopmail.com,Demetris.Janith@gmail.com,police officer,1972-11-29
980,Brooks,Saree,Brooks.Saree@yopmail.com,Brooks.Saree@gmail.com,worker,1948-12-14
981,Jenilee,Hertzfeld,Jenilee.Hertzfeld@yopmail.com,Jenilee.Hertzfeld@gmail.com,developer,1937-01-09
982,Rosene,Persse,Rosene.Persse@yopmail.com,Rosene.Persse@gmail.com,developer,1990-08-29
983,Atlanta,Maryanne,Atlanta.Maryanne@yopmail.com,Atlanta.Maryanne@gmail.com,developer,2001-03-07
984,Desirae,Infield,Desirae.Infield@yopmail.com,Desirae.Infield@gmail.com,worker,1962-04-19
985,Fawne,Buckler,Fawne.Buckler@yopmail.com,Fawne.Buckler@gmail.com,firefighter,1949-07-28
986,Tina,Emanuel,Tina.Emanuel@yopmail.com,Tina.Emanuel@gmail.com,worker,1995-06-01
987,Lucille,Allina,Lucille.Allina@yopmail.com,Lucille.Allina@gmail.com,police officer,1934-06-19
988,Ardys,Valoniah,Ardys.Valoniah@yopmail.com,Ardys.Valoniah@gmail.com,firefighter,1947-09-01
989,Tera,Hailee,Tera.Hailee@yopmail.com,Tera.Hailee@gmail.com,doctor,1975-12-10
990,Etta,LaRue,Etta.LaRue@yopmail.com,Etta.LaRue@gmail.com,worker,1921-09-04
991,Marinna,Salvidor,Marinna.Salvidor@yopmail.com,Marinna.Salvidor@gmail.com,firefighter,1916-04-13
992,Anestassia,Idelia,Anestassia.Idelia@yopmail.com,Anestassia.Idelia@gmail.com,doctor,1936-09-26
993,Shell,Zina,Shell.Zina@yopmail.com,Shell.Zina@gmail.com,firefighter,2017-09-29
994,Gretal,Graig,Gretal.Graig@yopmail.com,Gretal.Graig@gmail.com,police officer,1999-04-14
995,Annecorinne,Sadowski,Annecorinne.Sadowski@yopmail.com,Annecorinne.Sadowski@gmail.com,police officer,2011-01-13
996,Esmeralda,Allina,Esmeralda.Allina@yopmail.com,Esmeralda.Allina@gmail.com,doctor,1997-11-30
997,Leontine,Tillford,Leontine.Tillford@yopmail.com,Leontine.Tillford@gmail.com,doctor,1963-03-06
998,Ira,Uird,Ira.Uird@yopmail.com,Ira.Uird@gmail.com,doctor,1971-10-07
999,Melina,Fiester,Melina.Fiester@yopmail.com,Melina.Fiester@gmail.com,firefighter,2016-10-09
1000,Myrtice,Olin,Myrtice.Olin@yopmail.com,Myrtice.Olin@gmail.com,doctor,1951-05-16
1001,Dari,Erich,Dari.Erich@yopmail.com,Dari.Erich@gmail.com,worker,2019-09-08
1002,Gwenneth,Levey,Gwenneth.Levey@yopmail.com,Gwenneth.Levey@gmail.com,firefighter,1993-02-13
1003,Mireielle,Tice,Mireielle.Tice@yopmail.com,Mireielle.Tice@gmail.com,police officer,1961-05-22
1004,Gisela,Craggie,Gisela.Craggie@yopmail.com,Gisela.Craggie@gmail.com,firefighter,1941-04-09
1005,Lita,Hoban,Lita.Hoban@yopmail.com,Lita.Hoban@gmail.com,developer,1904-04-05
1006,Margette,Ax,Margette.Ax@yopmail.com,Margette.Ax@gmail.com,police officer,2002-02-04
1007,Mireielle,Kare,Mireielle.Kare@yopmail.com,Mireielle.Kare@gmail.com,doctor,1922-12-08
1008,Annecorinne,Obed,Annecorinne.Obed@yopmail.com,Annecorinne.Obed@gmail.com,developer,1963-03-07
1009,Steffane,Margret,Steffane.Margret@yopmail.com,Steffane.Margret@gmail.com,worker,1907-10-12
1010,Lindie,Hebner,Lindie.Hebner@yopmail.com,Lindie.Hebner@gmail.com,firefighter,1985-02-16
1011,Elbertina,Rurik,Elbertina.Rurik@yopmail.com,Elbertina.Rurik@gmail.com,developer,2016-05-29
1012,Feliza,Hazlett,Feliza.Hazlett@yopmail.com,Feliza.Hazlett@gmail.com,doctor,1955-12-24
1013,Berta,Talia,Berta.Talia@yopmail.com,Berta.Talia@gmail.com,doctor,2011-07-12
1014,Lenna,Masao,Lenna.Masao@yopmail.com,Lenna.Masao@gmail.com,police officer,1915-04-01
1015,Bobbi,Ardeha,Bobbi.Ardeha@yopmail.com,Bobbi.Ardeha@gmail.com,developer,1969-02-23
1016,Caressa,Vernier,Caressa.Vernier@yopmail.com,Caressa.Vernier@gmail.com,firefighter,1929-03-08
1017,Marnia,Sallyann,Marnia.Sallyann@yopmail.com,Marnia.Sallyann@gmail.com,developer,1957-06-01
1018,Charissa,Dimitris,Charissa.Dimitris@yopmail.com,Charissa.Dimitris@gmail.com,worker,1971-03-28
1019,Oona,Pozzy,Oona.Pozzy@yopmail.com,Oona.Pozzy@gmail.com,police officer,1982-09-24
1020,Cassandra,Gillan,Cassandra.Gillan@yopmail.com,Cassandra.Gillan@gmail.com,firefighter,1969-01-22
1021,Adelle,Septima,Adelle.Septima@yopmail.com,Adelle.Septima@gmail.com,developer,1996-01-17
1022,Cathyleen,Annabella,Cathyleen.Annabella@yopmail.com,Cathyleen.Annabella@gmail.com,police officer,1949-03-28
1023,Therine,Lattie,Therine.Lattie@yopmail.com,Therine.Lattie@gmail.com,developer,1989-09-21
1024,Kaja,Nadia,Kaja.Nadia@yopmail.com,Kaja.Nadia@gmail.com,police officer,1901-08-27
1025,Dennie,Margarete,Dennie.Margarete@yopmail.com,Dennie.Margarete@gmail.com,doctor,2011-05-30
1026,Celestyna,Donoghue,Celestyna.Donoghue@yopmail.com,Celestyna.Donoghue@gmail.com,developer,1960-05-27
1027,Delilah,Cherianne,Delilah.Cherianne@yopmail.com,Delilah.Cherianne@gmail.com,worker,2000-03-07
1028,Marti,Chauncey,Marti.Chauncey@yopmail.com,Marti.Chauncey@gmail.com,police officer,1955-10-01
1029,Arlina,Blase,Arlina.Blase@yopmail.com,Arlina.Blase@gmail.com,firefighter,1993-02-15
1030,Emelina,Urania,Emelina.Urania@yopmail.com,Emelina.Urania@gmail.com,worker,1929-10-27
1031,Caryl,Rocray,Caryl.Rocray@yopmail.com,Caryl.Rocray@gmail.com,police officer,1980-08-07
1032,Danika,Sharl,Danika.Sharl@yopmail.com,Danika.Sharl@gmail.com,firefighter,1987-05-18
1033,Aryn,Gemini,Aryn.Gemini@yopmail.com,Aryn.Gemini@gmail.com,police officer,1903-03-09
1034,Heida,Turne,Heida.Turne@yopmail.com,Heida.Turne@gmail.com,firefighter,1994-11-11
1035,Jere,Ephrem,Jere.Ephrem@yopmail.com,Jere.Ephrem@gmail.com,doctor,2000-05-29
1036,Zia,Hoenack,Zia.Hoenack@yopmail.com,Zia.Hoenack@gmail.com,doctor,1936-04-11
1037,Shauna,Beebe,Shauna.Beebe@yopmail.com,Shauna.Beebe@gmail.com,firefighter,1949-03-30
1038,Sarette,Meter,Sarette.Meter@yopmail.com,Sarette.Meter@gmail.com,firefighter,1919-04-20
1039,Nollie,Cherianne,Nollie.Cherianne@yopmail.com,Nollie.Cherianne@gmail.com,developer,1928-05-31
1040,Donnie,Wesle,Donnie.Wesle@yopmail.com,Donnie.Wesle@gmail.com,firefighter,1970-09-16
1041,Alejandra,Valoniah,Alejandra.Valoniah@yopmail.com,Alejandra.Valoniah@gmail.com,firefighter,1904-06-06
1042,Doralynne,Colyer,Doralynne.Colyer@yopmail.com,Doralynne.Colyer@gmail.com,firefighter,2017-02-24
1043,Tonia,Westphal,Tonia.Westphal@yopmail.com,Tonia.Westphal@gmail.com,firefighter,1941-10-26
1044,Alex,Garlinda,Alex.Garlinda@yopmail.com,Alex.Garlinda@gmail.com,doctor,1938-06-28
1045,Bee,Ackerley,Bee.Ackerley@yopmail.com,Bee.Ackerley@gmail.com,firefighter,1942-07-21
1046,Janenna,Goerke,Janenna.Goerke@yopmail.com,Janenna.Goerke@gmail.com,police officer,1905-04-23
1047,Rebeca,Zola,Rebeca.Zola@yopmail.com,Rebeca.Zola@gmail.com,worker,1922-05-27
1048,Nataline,Serilda,Nataline.Serilda@yopmail.com,Nataline.Serilda@gmail.com,developer,2004-04-22
1049,Kerrin,Grobe,Kerrin.Grobe@yopmail.com,Kerrin.Grobe@gmail.com,developer,1950-01-23
1050,Trixi,Anis,Trixi.Anis@yopmail.com,Trixi.Anis@gmail.com,developer,1999-08-11
1051,Melanie,Fosque,Melanie.Fosque@yopmail.com,Melanie.Fosque@gmail.com,worker,1930-12-17
1052,Wendi,Keelia,Wendi.Keelia@yopmail.com,Wendi.Keelia@gmail.com,police officer,1981-03-07
1053,Wanda,Leler,Wanda.Leler@yopmail.com,Wanda.Leler@gmail.com,worker,1909-05-25
1054,Bobinette,Garbe,Bobinette.Garbe@yopmail.com,Bobinette.Garbe@gmail.com,firefighter,1956-11-26
1055,Mireielle,Wareing,Mireielle.Wareing@yopmail.com,Mireielle.Wareing@gmail.com,worker,1929-04-14
1056,Zsa Zsa,Hoban,Zsa Zsa.Hoban@yopmail.com,Zsa Zsa.Hoban@gmail.com,developer,1914-10-12
1057,Myrtice,Linskey,Myrtice.Linskey@yopmail.com,Myrtice.Linskey@gmail.com,worker,1911-12-04
1058,Augustine,Diogenes,Augustine.Diogenes@yopmail.com,Augustine.Diogenes@gmail.com,doctor,1978-04-08
1059,Augustine,Monk,Augustine.Monk@yopmail.com,Augustine.Monk@gmail.com,police officer,1961-06-21
1060,Candi,Odysseus,Candi.Odysseus@yopmail.com,Candi.Odysseus@gmail.com,firefighter,1938-04-19
1061,Nannie,Gunn,Nannie.Gunn@yopmail.com,Nannie.Gunn@gmail.com,worker,1974-06-17
1062,Cassandra,Magdalen,Cassandra.Magdalen@yopmail.com,Cassandra.Magdalen@gmail.com,doctor,1972-10-05
1063,Alameda,Lytton,Alameda.Lytton@yopmail.com,Alameda.Lytton@gmail.com,doctor,1955-01-14
1064,Chastity,Koehler,Chastity.Koehler@yopmail.com,Chastity.Koehler@gmail.com,doctor,1981-07-15
1065,Gaylene,Diann,Gaylene.Diann@yopmail.com,Gaylene.Diann@gmail.com,firefighter,1929-09-21
1066,Elfreda,Weaks,Elfreda.Weaks@yopmail.com,Elfreda.Weaks@gmail.com,firefighter,1959-09-12
1067,Lanae,Nisbet,Lanae.Nisbet@yopmail.com,Lanae.Nisbet@gmail.com,doctor,1908-02-11
1068,Sissy,Nester,Sissy.Nester@yopmail.com,Sissy.Nester@gmail.com,doctor,1964-01-28
1069,Caryl,Denis,Caryl.Denis@yopmail.com,Caryl.Denis@gmail.com,worker,1999-04-08
1070,Emmey,Salvidor,Emmey.Salvidor@yopmail.com,Emmey.Salvidor@gmail.com,firefighter,1926-07-11
1071,Frances,Eno,Frances.Eno@yopmail.com,Frances.Eno@gmail.com,developer,1929-07-28
1072,Minda,Glovsky,Minda.Glovsky@yopmail.com,Minda.Glovsky@gmail.com,developer,1965-09-11
1073,Alia,Edvard,Alia.Edvard@yopmail.com,Alia.Edvard@gmail.com,doctor,1977-05-18
1074,Joceline,Baptlsta,Joceline.Baptlsta@yopmail.com,Joceline.Baptlsta@gmail.com,developer,1908-01-19
1075,Averyl,Redmond,Averyl.Redmond@yopmail.com,Averyl.Redmond@gmail.com,developer,1999-04-01
1076,Ofilia,Artie,Ofilia.Artie@yopmail.com,Ofilia.Artie@gmail.com,firefighter,2001-09-26
1077,Genevra,Kaete,Genevra.Kaete@yopmail.com,Genevra.Kaete@gmail.com,doctor,1971-11-23
1078,Zia,Silvan,Zia.Silvan@yopmail.com,Zia.Silvan@gmail.com,worker,1935-09-19
1079,Gaylene,Durware,Gaylene.Durware@yopmail.com,Gaylene.Durware@gmail.com,worker,2017-02-21
1080,Karolina,Fulmer,Karolina.Fulmer@yopmail.com,Karolina.Fulmer@gmail.com,firefighter,1995-07-28
1081,Jacquetta,Leary,Jacquetta.Leary@yopmail.com,Jacquetta.Leary@gmail.com,police officer,1901-02-22
1082,Tina,Odell,Tina.Odell@yopmail.com,Tina.Odell@gmail.com,police officer,1914-10-02
1083,Aurore,Hazlett,Aurore.Hazlett@yopmail.com,Aurore.Hazlett@gmail.com,firefighter,1921-07-08
1084,Olwen,Naashom,Olwen.Naashom@yopmail.com,Olwen.Naashom@gmail.com,police officer,2006-09-30
1085,Bernardine,Miru,Bernardine.Miru@yopmail.com,Bernardine.Miru@gmail.com,worker,1975-02-07
1086,Yetty,Shaver,Yetty.Shaver@yopmail.com,Yetty.Shaver@gmail.com,police officer,2019-05-07
1087,Candy,Avi,Candy.Avi@yopmail.com,Candy.Avi@gmail.com,police officer,1959-12-10
1088,Max,Liva,Max.Liva@yopmail.com,Max.Liva@gmail.com,firefighter,1954-02-01
1089,Lisette,Elephus,Lisette.Elephus@yopmail.com,Lisette.Elephus@gmail.com,doctor,2007-02-25
1090,Ariela,Zetta,Ariela.Zetta@yopmail.com,Ariela.Zetta@gmail.com,firefighter,2006-03-25
1091,Ericka,Holbrook,Ericka.Holbrook@yopmail.com,Ericka.Holbrook@gmail.com,worker,1903-02-10
1092,Peri,Smitt,Peri.Smitt@yopmail.com,Peri.Smitt@gmail.com,doctor,1942-06-26
# This is a comment
1093,Julieta,Lattie,Julieta.Lattie@yopmail.com,Julieta.Lattie@gmail.com,police officer,1904-10-22
1094,Carilyn,Dermott,Carilyn.Dermott@yopmail.com,Carilyn.Dermott@gmail.com,police officer,2001-07-24
1095,Laure,Westphal,Laure.Westphal@yopmail.com,Laure.Westphal@gmail.com,worker,1901-03-16
1096,Carly,Eckblad,Carly.Eckblad@yopmail.com,Carly.Eckblad@gmail.com,developer,1952-04-14
1097,Wyn,Augustine.Wyn@yopmail.com,Augustine.Wyn@gmail.com,firefighter,1906-08-01
1098,Alisha,"Posn"er",Alisha.Posner@yopmail.com,Alisha.Posner@gmail.com,doctor,2018-06-24
1099,Deane,Sham"a,Deane.Shama@yopmail.com,Deane.Shama@gmail.com,worker,1983-07-23
